USE `startrekjuangustavo`;

SET FOREIGN_KEY_CHECKS = 0;

-- Insert data into Imperios
INSERT INTO `Imperios` (`Imperio_ID`, `Nombre`, `Temperatura_Promedio`) VALUES (1, 'Federación Unida de Planetas', 22.5);
INSERT INTO `Imperios` (`Imperio_ID`, `Nombre`, `Temperatura_Promedio`) VALUES (2, 'Imperio Klingon', 35.2);
INSERT INTO `Imperios` (`Imperio_ID`, `Nombre`, `Temperatura_Promedio`) VALUES (3, 'Imperio Romulano', 28.7);
INSERT INTO `Imperios` (`Imperio_ID`, `Nombre`, `Temperatura_Promedio`) VALUES (4, 'Dominio', 42.1);
INSERT INTO `Imperios` (`Imperio_ID`, `Nombre`, `Temperatura_Promedio`) VALUES (5, 'Colectivo Borg', 18.3);
INSERT INTO `Imperios` (`Imperio_ID`, `Nombre`, `Temperatura_Promedio`) VALUES (6, 'Unión Cardassiana', 31.8);
INSERT INTO `Imperios` (`Imperio_ID`, `Nombre`, `Temperatura_Promedio`) VALUES (7, 'Alianza Ferengi', 25.4);
INSERT INTO `Imperios` (`Imperio_ID`, `Nombre`, `Temperatura_Promedio`) VALUES (8, 'Imperio Tholiano', 45.6);
INSERT INTO `Imperios` (`Imperio_ID`, `Nombre`, `Temperatura_Promedio`) VALUES (9, 'Confederación Breen', -15.2);
INSERT INTO `Imperios` (`Imperio_ID`, `Nombre`, `Temperatura_Promedio`) VALUES (10, 'Alianza Talaxiana', 26.8);
INSERT INTO `Imperios` (`Imperio_ID`, `Nombre`, `Temperatura_Promedio`) VALUES (11, 'Imperio Sheliak', 38.9);
INSERT INTO `Imperios` (`Imperio_ID`, `Nombre`, `Temperatura_Promedio`) VALUES (12, 'Coalición Tzenkethi', 33.1);
INSERT INTO `Imperios` (`Imperio_ID`, `Nombre`, `Temperatura_Promedio`) VALUES (13, 'Imperio Gorn', 29.7);
INSERT INTO `Imperios` (`Imperio_ID`, `Nombre`, `Temperatura_Promedio`) VALUES (14, 'Alianza Orion', 27.3);
INSERT INTO `Imperios` (`Imperio_ID`, `Nombre`, `Temperatura_Promedio`) VALUES (15, 'Imperio Andoriano', 12.4);

-- Insert data into Maniobras
INSERT INTO `Maniobras` (`Maniobra_ID`, `Nombre_Maniobra`, `Consumo_Energia`) VALUES (1, 'Factor Warp 9.9', 850);
INSERT INTO `Maniobras` (`Maniobra_ID`, `Nombre_Maniobra`, `Consumo_Energia`) VALUES (2, 'Maniobra Picard', 650);
INSERT INTO `Maniobras` (`Maniobra_ID`, `Nombre_Maniobra`, `Consumo_Energia`) VALUES (3, 'Maniobra Riker', 720);
INSERT INTO `Maniobras` (`Maniobra_ID`, `Nombre_Maniobra`, `Consumo_Energia`) VALUES (4, 'Factor Warp 8.5', 450);
INSERT INTO `Maniobras` (`Maniobra_ID`, `Nombre_Maniobra`, `Consumo_Energia`) VALUES (5, 'Maniobra Evasiva Delta', 380);
INSERT INTO `Maniobras` (`Maniobra_ID`, `Nombre_Maniobra`, `Consumo_Energia`) VALUES (6, 'Factor Warp 7.2', 320);
INSERT INTO `Maniobras` (`Maniobra_ID`, `Nombre_Maniobra`, `Consumo_Energia`) VALUES (7, 'Maniobra de Combate Alfa', 550);
INSERT INTO `Maniobras` (`Maniobra_ID`, `Nombre_Maniobra`, `Consumo_Energia`) VALUES (8, 'Factor Warp 6.8', 280);
INSERT INTO `Maniobras` (`Maniobra_ID`, `Nombre_Maniobra`, `Consumo_Energia`) VALUES (9, 'Maniobra de Exploración', 200);
INSERT INTO `Maniobras` (`Maniobra_ID`, `Nombre_Maniobra`, `Consumo_Energia`) VALUES (10, 'Factor Warp 5.5', 180);
INSERT INTO `Maniobras` (`Maniobra_ID`, `Nombre_Maniobra`, `Consumo_Energia`) VALUES (11, 'Maniobra de Rescate', 420);
INSERT INTO `Maniobras` (`Maniobra_ID`, `Nombre_Maniobra`, `Consumo_Energia`) VALUES (12, 'Factor Warp 4.2', 150);
INSERT INTO `Maniobras` (`Maniobra_ID`, `Nombre_Maniobra`, `Consumo_Energia`) VALUES (13, 'Maniobra de Patrulla', 120);
INSERT INTO `Maniobras` (`Maniobra_ID`, `Nombre_Maniobra`, `Consumo_Energia`) VALUES (14, 'Factor Warp 3.8', 100);
INSERT INTO `Maniobras` (`Maniobra_ID`, `Nombre_Maniobra`, `Consumo_Energia`) VALUES (15, 'Maniobra de Diplomacia', 80);

-- Insert data into Montaña
INSERT INTO `Montaña` (`Montaña_ID`, `Nombre_Montaña`, `Altura`) VALUES (1, 'Monte Seleya', 2847);
INSERT INTO `Montaña` (`Montaña_ID`, `Nombre_Montaña`, `Altura`) VALUES (2, 'Monte Gol', 3156);
INSERT INTO `Montaña` (`Montaña_ID`, `Nombre_Montaña`, `Altura`) VALUES (3, 'Pico de la Forja', 1892);
INSERT INTO `Montaña` (`Montaña_ID`, `Nombre_Montaña`, `Altura`) VALUES (4, 'Monte Yosemite', 2695);
INSERT INTO `Montaña` (`Montaña_ID`, `Nombre_Montaña`, `Altura`) VALUES (5, 'Pico del Amanecer', 3421);
INSERT INTO `Montaña` (`Montaña_ID`, `Nombre_Montaña`, `Altura`) VALUES (6, 'Monte McKinley', 6194);
INSERT INTO `Montaña` (`Montaña_ID`, `Nombre_Montaña`, `Altura`) VALUES (7, 'Pico del Crepúsculo', 2156);
INSERT INTO `Montaña` (`Montaña_ID`, `Nombre_Montaña`, `Altura`) VALUES (8, 'Monte Everest', 8848);
INSERT INTO `Montaña` (`Montaña_ID`, `Nombre_Montaña`, `Altura`) VALUES (9, 'Pico de la Libertad', 1789);
INSERT INTO `Montaña` (`Montaña_ID`, `Nombre_Montaña`, `Altura`) VALUES (10, 'Monte Kilimanjaro', 5895);
INSERT INTO `Montaña` (`Montaña_ID`, `Nombre_Montaña`, `Altura`) VALUES (11, 'Pico de la Esperanza', 2341);
INSERT INTO `Montaña` (`Montaña_ID`, `Nombre_Montaña`, `Altura`) VALUES (12, 'Monte Fuji', 3776);
INSERT INTO `Montaña` (`Montaña_ID`, `Nombre_Montaña`, `Altura`) VALUES (13, 'Pico de la Victoria', 1567);
INSERT INTO `Montaña` (`Montaña_ID`, `Nombre_Montaña`, `Altura`) VALUES (14, 'Monte Blanc', 4808);
INSERT INTO `Montaña` (`Montaña_ID`, `Nombre_Montaña`, `Altura`) VALUES (15, 'Pico de la Paz', 1987);

-- Insert data into Razas
INSERT INTO `Razas` (`Raza_ID`, `Nombre_Raza`, `Habilidad_Principal`) VALUES (1, 'Humanos', 'Adaptabilidad');
INSERT INTO `Razas` (`Raza_ID`, `Nombre_Raza`, `Habilidad_Principal`) VALUES (2, 'Vulcanos', 'Lógica');
INSERT INTO `Razas` (`Raza_ID`, `Nombre_Raza`, `Habilidad_Principal`) VALUES (3, 'Klingons', 'Honor');
INSERT INTO `Razas` (`Raza_ID`, `Nombre_Raza`, `Habilidad_Principal`) VALUES (4, 'Romulanos', 'Estrategia');
INSERT INTO `Razas` (`Raza_ID`, `Nombre_Raza`, `Habilidad_Principal`) VALUES (5, 'Andorianos', 'Valentía');
INSERT INTO `Razas` (`Raza_ID`, `Nombre_Raza`, `Habilidad_Principal`) VALUES (6, 'Tellaritas', 'Diplomacia');
INSERT INTO `Razas` (`Raza_ID`, `Nombre_Raza`, `Habilidad_Principal`) VALUES (7, 'Betazoides', 'Telepatía');
INSERT INTO `Razas` (`Raza_ID`, `Nombre_Raza`, `Habilidad_Principal`) VALUES (8, 'Trill', 'Simbiosis');
INSERT INTO `Razas` (`Raza_ID`, `Nombre_Raza`, `Habilidad_Principal`) VALUES (9, 'Bajoranos', 'Fe');
INSERT INTO `Razas` (`Raza_ID`, `Nombre_Raza`, `Habilidad_Principal`) VALUES (10, 'Cardassianos', 'Perseverancia');
INSERT INTO `Razas` (`Raza_ID`, `Nombre_Raza`, `Habilidad_Principal`) VALUES (11, 'Ferengi', 'Comercio');
INSERT INTO `Razas` (`Raza_ID`, `Nombre_Raza`, `Habilidad_Principal`) VALUES (12, 'Breen', 'Resistencia');
INSERT INTO `Razas` (`Raza_ID`, `Nombre_Raza`, `Habilidad_Principal`) VALUES (13, 'Jem''Hadar', 'Lealtad');
INSERT INTO `Razas` (`Raza_ID`, `Nombre_Raza`, `Habilidad_Principal`) VALUES (14, 'Vorta', 'Manipulación');
INSERT INTO `Razas` (`Raza_ID`, `Nombre_Raza`, `Habilidad_Principal`) VALUES (15, 'Founders', 'Cambio de Forma');
INSERT INTO `Razas` (`Raza_ID`, `Nombre_Raza`, `Habilidad_Principal`) VALUES (16, 'Borg', 'Asimilación');
INSERT INTO `Razas` (`Raza_ID`, `Nombre_Raza`, `Habilidad_Principal`) VALUES (17, 'Q', 'Omnipotencia');
INSERT INTO `Razas` (`Raza_ID`, `Nombre_Raza`, `Habilidad_Principal`) VALUES (18, 'Talaxianos', 'Optimismo');
INSERT INTO `Razas` (`Raza_ID`, `Nombre_Raza`, `Habilidad_Principal`) VALUES (19, 'Ocampas', 'Intuición');
INSERT INTO `Razas` (`Raza_ID`, `Nombre_Raza`, `Habilidad_Principal`) VALUES (20, 'Kazon', 'Supervivencia');

-- Insert data into Planeta
INSERT INTO `Planeta` (`Planeta_ID`, `Nombre_Cientifico`, `Nombre_Vulgar`, `Poblacion_Total`, `Coordenadas`, `Montaña_ID`, `Imperio_ID`) VALUES (1, 'Terra Prime', 'Tierra', 10000000000, '0.0, 0.0, 0.0', 1, 1);
INSERT INTO `Planeta` (`Planeta_ID`, `Nombre_Cientifico`, `Nombre_Vulgar`, `Poblacion_Total`, `Coordenadas`, `Montaña_ID`, `Imperio_ID`) VALUES (2, 'Vulcanis', 'Vulcano', 4500000000, '15.2, -8.7, 12.3', 8, 9);
INSERT INTO `Planeta` (`Planeta_ID`, `Nombre_Cientifico`, `Nombre_Vulgar`, `Poblacion_Total`, `Coordenadas`, `Montaña_ID`, `Imperio_ID`) VALUES (3, 'Qo''noS', 'Kronos', 28000000000, '25.8, 18.4, -5.2', 2, 9);
INSERT INTO `Planeta` (`Planeta_ID`, `Nombre_Cientifico`, `Nombre_Vulgar`, `Poblacion_Total`, `Coordenadas`, `Montaña_ID`, `Imperio_ID`) VALUES (4, 'Romulus', 'Romulus', 18000000000, '-12.5, 22.1, 8.9', 4, 8);
INSERT INTO `Planeta` (`Planeta_ID`, `Nombre_Cientifico`, `Nombre_Vulgar`, `Poblacion_Total`, `Coordenadas`, `Montaña_ID`, `Imperio_ID`) VALUES (5, 'Andoria', 'Andoria', 8500000000, '8.7, -15.3, 19.6', 6, 10);
INSERT INTO `Planeta` (`Planeta_ID`, `Nombre_Cientifico`, `Nombre_Vulgar`, `Poblacion_Total`, `Coordenadas`, `Montaña_ID`, `Imperio_ID`) VALUES (6, 'Tellar Prime', 'Tellar', 12000000000, '-18.9, 7.4, -12.8', 8, 12);
INSERT INTO `Planeta` (`Planeta_ID`, `Nombre_Cientifico`, `Nombre_Vulgar`, `Poblacion_Total`, `Coordenadas`, `Montaña_ID`, `Imperio_ID`) VALUES (7, 'Betazed', 'Betazed', 6500000000, '32.1, -9.8, 15.7', 15, 14);
INSERT INTO `Planeta` (`Planeta_ID`, `Nombre_Cientifico`, `Nombre_Vulgar`, `Poblacion_Total`, `Coordenadas`, `Montaña_ID`, `Imperio_ID`) VALUES (8, 'Trillius Prime', 'Trill', 5500000000, '-5.6, 28.3, -7.1', 3, 9);
INSERT INTO `Planeta` (`Planeta_ID`, `Nombre_Cientifico`, `Nombre_Vulgar`, `Poblacion_Total`, `Coordenadas`, `Montaña_ID`, `Imperio_ID`) VALUES (9, 'Bajor', 'Bajor', 3800000000, '45.2, -22.7, 33.8', 5, 1);
INSERT INTO `Planeta` (`Planeta_ID`, `Nombre_Cientifico`, `Nombre_Vulgar`, `Poblacion_Total`, `Coordenadas`, `Montaña_ID`, `Imperio_ID`) VALUES (10, 'Cardassia Prime', 'Cardassia', 22000000000, '-28.9, 16.5, -25.3', 13, 6);
INSERT INTO `Planeta` (`Planeta_ID`, `Nombre_Cientifico`, `Nombre_Vulgar`, `Poblacion_Total`, `Coordenadas`, `Montaña_ID`, `Imperio_ID`) VALUES (11, 'Ferenginar', 'Ferenginar', 9500000000, '19.7, -31.2, 42.1', 3, 15);
INSERT INTO `Planeta` (`Planeta_ID`, `Nombre_Cientifico`, `Nombre_Vulgar`, `Poblacion_Total`, `Coordenadas`, `Montaña_ID`, `Imperio_ID`) VALUES (12, 'Breen', 'Breen', 3200000000, '-55.8, 8.9, -38.7', 2, 6);
INSERT INTO `Planeta` (`Planeta_ID`, `Nombre_Cientifico`, `Nombre_Vulgar`, `Poblacion_Total`, `Coordenadas`, `Montaña_ID`, `Imperio_ID`) VALUES (13, 'Dominion Homeworld', 'Dominion', 15000000000, '67.3, -45.1, 28.9', 8, 4);
INSERT INTO `Planeta` (`Planeta_ID`, `Nombre_Cientifico`, `Nombre_Vulgar`, `Poblacion_Total`, `Coordenadas`, `Montaña_ID`, `Imperio_ID`) VALUES (14, 'Talax', 'Talax', 4200000000, '-12.8, 35.6, -18.9', 12, 9);
INSERT INTO `Planeta` (`Planeta_ID`, `Nombre_Cientifico`, `Nombre_Vulgar`, `Poblacion_Total`, `Coordenadas`, `Montaña_ID`, `Imperio_ID`) VALUES (15, 'Ocampa', 'Ocampa', 1800000000, '78.9, -67.2, 55.4', 1, 6);

-- Insert data into Capitán
INSERT INTO `Capitán` (`Capitan_ID`, `Nombre_Capitan`, `Imperio_ID`, `Planeta_ID`) VALUES (1, 'Jean-Luc Picard', 1, 9);
INSERT INTO `Capitán` (`Capitan_ID`, `Nombre_Capitan`, `Imperio_ID`, `Planeta_ID`) VALUES (2, 'James T. Kirk', 1, 13);
INSERT INTO `Capitán` (`Capitan_ID`, `Nombre_Capitan`, `Imperio_ID`, `Planeta_ID`) VALUES (3, 'Kathryn Janeway', 1, 12);
INSERT INTO `Capitán` (`Capitan_ID`, `Nombre_Capitan`, `Imperio_ID`, `Planeta_ID`) VALUES (4, 'Benjamin Sisko', 1, 6);
INSERT INTO `Capitán` (`Capitan_ID`, `Nombre_Capitan`, `Imperio_ID`, `Planeta_ID`) VALUES (5, 'Jonathan Archer', 1, 6);
INSERT INTO `Capitán` (`Capitan_ID`, `Nombre_Capitan`, `Imperio_ID`, `Planeta_ID`) VALUES (6, 'Christopher Pike', 1, 5);
INSERT INTO `Capitán` (`Capitan_ID`, `Nombre_Capitan`, `Imperio_ID`, `Planeta_ID`) VALUES (7, 'William T. Riker', 1, 10);
INSERT INTO `Capitán` (`Capitan_ID`, `Nombre_Capitan`, `Imperio_ID`, `Planeta_ID`) VALUES (8, 'Edward Jellico', 1, 11);
INSERT INTO `Capitán` (`Capitan_ID`, `Nombre_Capitan`, `Imperio_ID`, `Planeta_ID`) VALUES (9, 'Rachel Garrett', 1, 3);
INSERT INTO `Capitán` (`Capitan_ID`, `Nombre_Capitan`, `Imperio_ID`, `Planeta_ID`) VALUES (10, 'John Harriman', 1, 10);
INSERT INTO `Capitán` (`Capitan_ID`, `Nombre_Capitan`, `Imperio_ID`, `Planeta_ID`) VALUES (11, 'Martok', 2, 12);
INSERT INTO `Capitán` (`Capitan_ID`, `Nombre_Capitan`, `Imperio_ID`, `Planeta_ID`) VALUES (12, 'Gowron', 2, 12);
INSERT INTO `Capitán` (`Capitan_ID`, `Nombre_Capitan`, `Imperio_ID`, `Planeta_ID`) VALUES (13, 'Kor', 2, 14);
INSERT INTO `Capitán` (`Capitan_ID`, `Nombre_Capitan`, `Imperio_ID`, `Planeta_ID`) VALUES (14, 'Kang', 2, 5);
INSERT INTO `Capitán` (`Capitan_ID`, `Nombre_Capitan`, `Imperio_ID`, `Planeta_ID`) VALUES (15, 'Koloth', 2, 13);
INSERT INTO `Capitán` (`Capitan_ID`, `Nombre_Capitan`, `Imperio_ID`, `Planeta_ID`) VALUES (16, 'Shinzon', 3, 13);
INSERT INTO `Capitán` (`Capitan_ID`, `Nombre_Capitan`, `Imperio_ID`, `Planeta_ID`) VALUES (17, 'Neral', 3, 13);
INSERT INTO `Capitán` (`Capitan_ID`, `Nombre_Capitan`, `Imperio_ID`, `Planeta_ID`) VALUES (18, 'Tomalak', 3, 12);
INSERT INTO `Capitán` (`Capitan_ID`, `Nombre_Capitan`, `Imperio_ID`, `Planeta_ID`) VALUES (19, 'Sela', 3, 6);
INSERT INTO `Capitán` (`Capitan_ID`, `Nombre_Capitan`, `Imperio_ID`, `Planeta_ID`) VALUES (20, 'Dukat', 6, 6);
INSERT INTO `Capitán` (`Capitan_ID`, `Nombre_Capitan`, `Imperio_ID`, `Planeta_ID`) VALUES (21, 'Damar', 6, 7);
INSERT INTO `Capitán` (`Capitan_ID`, `Nombre_Capitan`, `Imperio_ID`, `Planeta_ID`) VALUES (22, 'Gul Evek', 6, 12);
INSERT INTO `Capitán` (`Capitan_ID`, `Nombre_Capitan`, `Imperio_ID`, `Planeta_ID`) VALUES (23, 'Quark', 7, 15);
INSERT INTO `Capitán` (`Capitan_ID`, `Nombre_Capitan`, `Imperio_ID`, `Planeta_ID`) VALUES (24, 'Zek', 7, 5);
INSERT INTO `Capitán` (`Capitan_ID`, `Nombre_Capitan`, `Imperio_ID`, `Planeta_ID`) VALUES (25, 'Brunt', 7, 1);
INSERT INTO `Capitán` (`Capitan_ID`, `Nombre_Capitan`, `Imperio_ID`, `Planeta_ID`) VALUES (26, 'Weyoun', 4, 15);
INSERT INTO `Capitán` (`Capitan_ID`, `Nombre_Capitan`, `Imperio_ID`, `Planeta_ID`) VALUES (27, 'Female Changeling', 4, 15);
INSERT INTO `Capitán` (`Capitan_ID`, `Nombre_Capitan`, `Imperio_ID`, `Planeta_ID`) VALUES (28, 'Locutus', 5, 3);
INSERT INTO `Capitán` (`Capitan_ID`, `Nombre_Capitan`, `Imperio_ID`, `Planeta_ID`) VALUES (29, 'Seven of Nine', 5, 9);

-- Insert data into Flotas
INSERT INTO `Flotas` (`Flota_ID`, `Destino`, `Misiones`, `Nave_ID`, `Imperio_ID`) VALUES (1, 'Cuadrante Alfa', 45, 35, 13);
INSERT INTO `Flotas` (`Flota_ID`, `Destino`, `Misiones`, `Nave_ID`, `Imperio_ID`) VALUES (2, 'Cuadrante Beta', 38, 49, 6);
INSERT INTO `Flotas` (`Flota_ID`, `Destino`, `Misiones`, `Nave_ID`, `Imperio_ID`) VALUES (3, 'Cuadrante Gamma', 52, 51, 1);
INSERT INTO `Flotas` (`Flota_ID`, `Destino`, `Misiones`, `Nave_ID`, `Imperio_ID`) VALUES (4, 'Cuadrante Delta', 67, 41, 10);
INSERT INTO `Flotas` (`Flota_ID`, `Destino`, `Misiones`, `Nave_ID`, `Imperio_ID`) VALUES (5, 'Espacio Neutral', 29, 40, 15);
INSERT INTO `Flotas` (`Flota_ID`, `Destino`, `Misiones`, `Nave_ID`, `Imperio_ID`) VALUES (6, 'Zona Desmilitarizada', 33, 22, 15);
INSERT INTO `Flotas` (`Flota_ID`, `Destino`, `Misiones`, `Nave_ID`, `Imperio_ID`) VALUES (7, 'Territorio No Cartografiado', 41, 6, 12);
INSERT INTO `Flotas` (`Flota_ID`, `Destino`, `Misiones`, `Nave_ID`, `Imperio_ID`) VALUES (8, 'Núcleo Galáctico', 15, 34, 12);
INSERT INTO `Flotas` (`Flota_ID`, `Destino`, `Misiones`, `Nave_ID`, `Imperio_ID`) VALUES (9, 'Borde Exterior', 58, 30, 4);
INSERT INTO `Flotas` (`Flota_ID`, `Destino`, `Misiones`, `Nave_ID`, `Imperio_ID`) VALUES (10, 'Región de Badlands', 22, 12, 10);
INSERT INTO `Flotas` (`Flota_ID`, `Destino`, `Misiones`, `Nave_ID`, `Imperio_ID`) VALUES (11, 'Cúmulo de Bajor', 36, 18, 14);
INSERT INTO `Flotas` (`Flota_ID`, `Destino`, `Misiones`, `Nave_ID`, `Imperio_ID`) VALUES (12, 'Sector 001', 12, 46, 5);
INSERT INTO `Flotas` (`Flota_ID`, `Destino`, `Misiones`, `Nave_ID`, `Imperio_ID`) VALUES (13, 'Sector 002', 18, 45, 6);
INSERT INTO `Flotas` (`Flota_ID`, `Destino`, `Misiones`, `Nave_ID`, `Imperio_ID`) VALUES (14, 'Sector 003', 25, 35, 8);
INSERT INTO `Flotas` (`Flota_ID`, `Destino`, `Misiones`, `Nave_ID`, `Imperio_ID`) VALUES (15, 'Sector 004', 31, 4, 10);

-- Insert data into Naves
INSERT INTO `Naves` (`Nave_ID`, `Nombre`, `Velocidad_Max`, `Energia_Acumulada`, `Capitan_ID`, `Flota_ID`) VALUES (1, 'USS Enterprise NCC-1701', 9.2, 45000, 15, 2);
INSERT INTO `Naves` (`Nave_ID`, `Nombre`, `Velocidad_Max`, `Energia_Acumulada`, `Capitan_ID`, `Flota_ID`) VALUES (2, 'USS Enterprise NCC-1701-D', 9.6, 52000, 2, 12);
INSERT INTO `Naves` (`Nave_ID`, `Nombre`, `Velocidad_Max`, `Energia_Acumulada`, `Capitan_ID`, `Flota_ID`) VALUES (3, 'USS Enterprise NCC-1701-E', 9.8, 58000, 14, 5);
INSERT INTO `Naves` (`Nave_ID`, `Nombre`, `Velocidad_Max`, `Energia_Acumulada`, `Capitan_ID`, `Flota_ID`) VALUES (4, 'USS Voyager NCC-74656', 9.975, 48000, 19, 10);
INSERT INTO `Naves` (`Nave_ID`, `Nombre`, `Velocidad_Max`, `Energia_Acumulada`, `Capitan_ID`, `Flota_ID`) VALUES (5, 'USS Defiant NX-74205', 9.5, 35000, 28, 6);
INSERT INTO `Naves` (`Nave_ID`, `Nombre`, `Velocidad_Max`, `Energia_Acumulada`, `Capitan_ID`, `Flota_ID`) VALUES (6, 'USS Discovery NCC-1031', 9.1, 42000, 19, 15);
INSERT INTO `Naves` (`Nave_ID`, `Nombre`, `Velocidad_Max`, `Energia_Acumulada`, `Capitan_ID`, `Flota_ID`) VALUES (7, 'USS Enterprise NCC-1701-A', 9.3, 46000, 11, 13);
INSERT INTO `Naves` (`Nave_ID`, `Nombre`, `Velocidad_Max`, `Energia_Acumulada`, `Capitan_ID`, `Flota_ID`) VALUES (8, 'USS Enterprise NCC-1701-B', 9.4, 47000, 25, 11);
INSERT INTO `Naves` (`Nave_ID`, `Nombre`, `Velocidad_Max`, `Energia_Acumulada`, `Capitan_ID`, `Flota_ID`) VALUES (9, 'USS Enterprise NCC-1701-C', 9.5, 48000, 13, 1);
INSERT INTO `Naves` (`Nave_ID`, `Nombre`, `Velocidad_Max`, `Energia_Acumulada`, `Capitan_ID`, `Flota_ID`) VALUES (10, 'USS Reliant NCC-1864', 8.5, 38000, 24, 6);
INSERT INTO `Naves` (`Nave_ID`, `Nombre`, `Velocidad_Max`, `Energia_Acumulada`, `Capitan_ID`, `Flota_ID`) VALUES (11, 'USS Excelsior NCC-2000', 9, 41000, 19, 1);
INSERT INTO `Naves` (`Nave_ID`, `Nombre`, `Velocidad_Max`, `Energia_Acumulada`, `Capitan_ID`, `Flota_ID`) VALUES (12, 'USS Stargazer NCC-2893', 8.8, 39000, 13, 3);
INSERT INTO `Naves` (`Nave_ID`, `Nombre`, `Velocidad_Max`, `Energia_Acumulada`, `Capitan_ID`, `Flota_ID`) VALUES (13, 'USS Titan NCC-80102', 9.7, 54000, 20, 2);
INSERT INTO `Naves` (`Nave_ID`, `Nombre`, `Velocidad_Max`, `Energia_Acumulada`, `Capitan_ID`, `Flota_ID`) VALUES (14, 'USS Cerritos NCC-75567', 8.2, 32000, 6, 6);
INSERT INTO `Naves` (`Nave_ID`, `Nombre`, `Velocidad_Max`, `Energia_Acumulada`, `Capitan_ID`, `Flota_ID`) VALUES (15, 'USS Protostar NCC-76884', 9.9, 60000, 14, 3);
INSERT INTO `Naves` (`Nave_ID`, `Nombre`, `Velocidad_Max`, `Energia_Acumulada`, `Capitan_ID`, `Flota_ID`) VALUES (16, 'IKS Bortas', 9.3, 44000, 13, 8);
INSERT INTO `Naves` (`Nave_ID`, `Nombre`, `Velocidad_Max`, `Energia_Acumulada`, `Capitan_ID`, `Flota_ID`) VALUES (17, 'IKS Negh''Var', 9.4, 46000, 23, 7);
INSERT INTO `Naves` (`Nave_ID`, `Nombre`, `Velocidad_Max`, `Energia_Acumulada`, `Capitan_ID`, `Flota_ID`) VALUES (18, 'IKS Rotarran', 9.1, 42000, 10, 14);
INSERT INTO `Naves` (`Nave_ID`, `Nombre`, `Velocidad_Max`, `Energia_Acumulada`, `Capitan_ID`, `Flota_ID`) VALUES (19, 'IKS Pagh', 8.9, 40000, 9, 1);
INSERT INTO `Naves` (`Nave_ID`, `Nombre`, `Velocidad_Max`, `Energia_Acumulada`, `Capitan_ID`, `Flota_ID`) VALUES (20, 'IKS T''Ong', 9.2, 43000, 15, 12);
INSERT INTO `Naves` (`Nave_ID`, `Nombre`, `Velocidad_Max`, `Energia_Acumulada`, `Capitan_ID`, `Flota_ID`) VALUES (21, 'IRW Khazara', 9.5, 47000, 20, 3);
INSERT INTO `Naves` (`Nave_ID`, `Nombre`, `Velocidad_Max`, `Energia_Acumulada`, `Capitan_ID`, `Flota_ID`) VALUES (22, 'IRW Valdore', 9.6, 49000, 11, 12);
INSERT INTO `Naves` (`Nave_ID`, `Nombre`, `Velocidad_Max`, `Energia_Acumulada`, `Capitan_ID`, `Flota_ID`) VALUES (23, 'IRW Terix', 9.3, 45000, 15, 2);
INSERT INTO `Naves` (`Nave_ID`, `Nombre`, `Velocidad_Max`, `Energia_Acumulada`, `Capitan_ID`, `Flota_ID`) VALUES (24, 'IRW Decius', 9.4, 46000, 15, 13);
INSERT INTO `Naves` (`Nave_ID`, `Nombre`, `Velocidad_Max`, `Energia_Acumulada`, `Capitan_ID`, `Flota_ID`) VALUES (25, 'IRW Haakona', 9.2, 44000, 25, 14);
INSERT INTO `Naves` (`Nave_ID`, `Nombre`, `Velocidad_Max`, `Energia_Acumulada`, `Capitan_ID`, `Flota_ID`) VALUES (26, 'GCS Kumari', 9.1, 42000, 18, 5);
INSERT INTO `Naves` (`Nave_ID`, `Nombre`, `Velocidad_Max`, `Energia_Acumulada`, `Capitan_ID`, `Flota_ID`) VALUES (27, 'GCS Kumari II', 9, 41000, 27, 12);
INSERT INTO `Naves` (`Nave_ID`, `Nombre`, `Velocidad_Max`, `Energia_Acumulada`, `Capitan_ID`, `Flota_ID`) VALUES (28, 'GCS Kumari III', 8.9, 40000, 16, 11);
INSERT INTO `Naves` (`Nave_ID`, `Nombre`, `Velocidad_Max`, `Energia_Acumulada`, `Capitan_ID`, `Flota_ID`) VALUES (29, 'GCS Kumari IV', 8.8, 39000, 5, 11);
INSERT INTO `Naves` (`Nave_ID`, `Nombre`, `Velocidad_Max`, `Energia_Acumulada`, `Capitan_ID`, `Flota_ID`) VALUES (30, 'GCS Kumari V', 8.7, 38000, 25, 5);
INSERT INTO `Naves` (`Nave_ID`, `Nombre`, `Velocidad_Max`, `Energia_Acumulada`, `Capitan_ID`, `Flota_ID`) VALUES (31, 'USS Constitution NCC-1700', 8.6, 37000, 11, 14);
INSERT INTO `Naves` (`Nave_ID`, `Nombre`, `Velocidad_Max`, `Energia_Acumulada`, `Capitan_ID`, `Flota_ID`) VALUES (32, 'USS Constellation NCC-1017', 8.5, 36000, 20, 12);
INSERT INTO `Naves` (`Nave_ID`, `Nombre`, `Velocidad_Max`, `Energia_Acumulada`, `Capitan_ID`, `Flota_ID`) VALUES (33, 'USS Potemkin NCC-1657', 8.4, 35000, 15, 8);
INSERT INTO `Naves` (`Nave_ID`, `Nombre`, `Velocidad_Max`, `Energia_Acumulada`, `Capitan_ID`, `Flota_ID`) VALUES (34, 'USS Hood NCC-42296', 8.3, 34000, 11, 8);
INSERT INTO `Naves` (`Nave_ID`, `Nombre`, `Velocidad_Max`, `Energia_Acumulada`, `Capitan_ID`, `Flota_ID`) VALUES (35, 'USS Repulse NCC-2544', 8.2, 33000, 7, 13);
INSERT INTO `Naves` (`Nave_ID`, `Nombre`, `Velocidad_Max`, `Energia_Acumulada`, `Capitan_ID`, `Flota_ID`) VALUES (36, 'USS Lexington NCC-1709', 8.1, 32000, 10, 1);
INSERT INTO `Naves` (`Nave_ID`, `Nombre`, `Velocidad_Max`, `Energia_Acumulada`, `Capitan_ID`, `Flota_ID`) VALUES (37, 'USS Yorktown NCC-1717', 8, 31000, 12, 2);
INSERT INTO `Naves` (`Nave_ID`, `Nombre`, `Velocidad_Max`, `Energia_Acumulada`, `Capitan_ID`, `Flota_ID`) VALUES (38, 'USS Saratoga NCC-1887', 7.9, 30000, 11, 8);
INSERT INTO `Naves` (`Nave_ID`, `Nombre`, `Velocidad_Max`, `Energia_Acumulada`, `Capitan_ID`, `Flota_ID`) VALUES (39, 'USS Intrepid NCC-1631', 7.8, 29000, 16, 7);
INSERT INTO `Naves` (`Nave_ID`, `Nombre`, `Velocidad_Max`, `Energia_Acumulada`, `Capitan_ID`, `Flota_ID`) VALUES (40, 'USS Farragut NCC-1647', 7.7, 28000, 1, 9);
INSERT INTO `Naves` (`Nave_ID`, `Nombre`, `Velocidad_Max`, `Energia_Acumulada`, `Capitan_ID`, `Flota_ID`) VALUES (41, 'USS Excalibur NCC-1664', 7.6, 27000, 18, 11);
INSERT INTO `Naves` (`Nave_ID`, `Nombre`, `Velocidad_Max`, `Energia_Acumulada`, `Capitan_ID`, `Flota_ID`) VALUES (42, 'USS Exeter NCC-1672', 7.5, 26000, 20, 13);
INSERT INTO `Naves` (`Nave_ID`, `Nombre`, `Velocidad_Max`, `Energia_Acumulada`, `Capitan_ID`, `Flota_ID`) VALUES (43, 'USS Defiant NCC-1764', 7.4, 25000, 14, 9);
INSERT INTO `Naves` (`Nave_ID`, `Nombre`, `Velocidad_Max`, `Energia_Acumulada`, `Capitan_ID`, `Flota_ID`) VALUES (44, 'USS Valiant NCC-1621', 7.3, 24000, 15, 11);
INSERT INTO `Naves` (`Nave_ID`, `Nombre`, `Velocidad_Max`, `Energia_Acumulada`, `Capitan_ID`, `Flota_ID`) VALUES (45, 'USS Eagle NCC-956', 7.2, 23000, 25, 2);
INSERT INTO `Naves` (`Nave_ID`, `Nombre`, `Velocidad_Max`, `Energia_Acumulada`, `Capitan_ID`, `Flota_ID`) VALUES (46, 'USS Kongo NCC-1710', 7.1, 22000, 26, 3);
INSERT INTO `Naves` (`Nave_ID`, `Nombre`, `Velocidad_Max`, `Energia_Acumulada`, `Capitan_ID`, `Flota_ID`) VALUES (47, 'USS Republic NCC-1371', 7, 21000, 22, 1);
INSERT INTO `Naves` (`Nave_ID`, `Nombre`, `Velocidad_Max`, `Energia_Acumulada`, `Capitan_ID`, `Flota_ID`) VALUES (48, 'USS Hornet NCC-45231', 6.9, 20000, 23, 10);
INSERT INTO `Naves` (`Nave_ID`, `Nombre`, `Velocidad_Max`, `Energia_Acumulada`, `Capitan_ID`, `Flota_ID`) VALUES (49, 'USS Wasp NCC-18', 6.8, 19000, 4, 4);
INSERT INTO `Naves` (`Nave_ID`, `Nombre`, `Velocidad_Max`, `Energia_Acumulada`, `Capitan_ID`, `Flota_ID`) VALUES (50, 'USS Ranger NCC-1704', 6.7, 18000, 7, 14);
INSERT INTO `Naves` (`Nave_ID`, `Nombre`, `Velocidad_Max`, `Energia_Acumulada`, `Capitan_ID`, `Flota_ID`) VALUES (51, 'USS Enterprise NCC-1701-F', 9.95, 65000, 9, 4);
INSERT INTO `Naves` (`Nave_ID`, `Nombre`, `Velocidad_Max`, `Energia_Acumulada`, `Capitan_ID`, `Flota_ID`) VALUES (52, 'USS Enterprise NCC-1701-G', 9.98, 70000, 25, 5);
INSERT INTO `Naves` (`Nave_ID`, `Nombre`, `Velocidad_Max`, `Energia_Acumulada`, `Capitan_ID`, `Flota_ID`) VALUES (53, 'USS Ship NCC-10053-abb9', 9.48160001748773, 60375.0085047813, 3, 11);
INSERT INTO `Naves` (`Nave_ID`, `Nombre`, `Velocidad_Max`, `Energia_Acumulada`, `Capitan_ID`, `Flota_ID`) VALUES (54, 'USS Ship NCC-10054-4c39', 7.02494429863756, 31030.03122138098, 5, 3);
INSERT INTO `Naves` (`Nave_ID`, `Nombre`, `Velocidad_Max`, `Energia_Acumulada`, `Capitan_ID`, `Flota_ID`) VALUES (55, 'USS Ship NCC-10055-2cdb', 6.020233384803518, 34337.97262254002, 23, 4);
INSERT INTO `Naves` (`Nave_ID`, `Nombre`, `Velocidad_Max`, `Energia_Acumulada`, `Capitan_ID`, `Flota_ID`) VALUES (56, 'USS Ship NCC-10056-7206', 8.736136396228583, 59526.206247462884, 17, 14);
INSERT INTO `Naves` (`Nave_ID`, `Nombre`, `Velocidad_Max`, `Energia_Acumulada`, `Capitan_ID`, `Flota_ID`) VALUES (57, 'USS Ship NCC-10057-7001', 6.422127809321322, 39479.59969380152, 24, 5);
INSERT INTO `Naves` (`Nave_ID`, `Nombre`, `Velocidad_Max`, `Energia_Acumulada`, `Capitan_ID`, `Flota_ID`) VALUES (58, 'USS Ship NCC-10058', 9.150425630531782, 60255.144550183984, 11, 6);
INSERT INTO `Naves` (`Nave_ID`, `Nombre`, `Velocidad_Max`, `Energia_Acumulada`, `Capitan_ID`, `Flota_ID`) VALUES (59, 'USS Ship NCC-10059', 7.8139084375489425, 26461.590118610584, 8, 14);
INSERT INTO `Naves` (`Nave_ID`, `Nombre`, `Velocidad_Max`, `Energia_Acumulada`, `Capitan_ID`, `Flota_ID`) VALUES (60, 'USS Ship NCC-10060', 7.883734040402016, 48042.85498423244, 8, 9);
INSERT INTO `Naves` (`Nave_ID`, `Nombre`, `Velocidad_Max`, `Energia_Acumulada`, `Capitan_ID`, `Flota_ID`) VALUES (61, 'USS Ship NCC-10061', 8.695805119240552, 22909.82136404096, 9, 15);
INSERT INTO `Naves` (`Nave_ID`, `Nombre`, `Velocidad_Max`, `Energia_Acumulada`, `Capitan_ID`, `Flota_ID`) VALUES (62, 'USS Ship NCC-10062', 8.920779289991383, 66521.09420140322, 10, 8);
INSERT INTO `Naves` (`Nave_ID`, `Nombre`, `Velocidad_Max`, `Energia_Acumulada`, `Capitan_ID`, `Flota_ID`) VALUES (63, 'USS Ship NCC-10063', 8.41940938890793, 68408.79952894566, 25, 14);
INSERT INTO `Naves` (`Nave_ID`, `Nombre`, `Velocidad_Max`, `Energia_Acumulada`, `Capitan_ID`, `Flota_ID`) VALUES (64, 'USS Ship NCC-10064', 9.193172311398207, 35685.87882017031, 28, 13);
INSERT INTO `Naves` (`Nave_ID`, `Nombre`, `Velocidad_Max`, `Energia_Acumulada`, `Capitan_ID`, `Flota_ID`) VALUES (65, 'USS Ship NCC-10065', 6.892921158113653, 59195.996055477015, 8, 5);
INSERT INTO `Naves` (`Nave_ID`, `Nombre`, `Velocidad_Max`, `Energia_Acumulada`, `Capitan_ID`, `Flota_ID`) VALUES (66, 'USS Ship NCC-10066', 7.491826767198172, 56562.5314357942, 16, 11);
INSERT INTO `Naves` (`Nave_ID`, `Nombre`, `Velocidad_Max`, `Energia_Acumulada`, `Capitan_ID`, `Flota_ID`) VALUES (67, 'USS Ship NCC-10067', 9.724247782620814, 44777.025165597515, 13, 7);
INSERT INTO `Naves` (`Nave_ID`, `Nombre`, `Velocidad_Max`, `Energia_Acumulada`, `Capitan_ID`, `Flota_ID`) VALUES (68, 'USS Ship NCC-10068', 7.782740382592506, 38019.06495082765, 19, 15);
INSERT INTO `Naves` (`Nave_ID`, `Nombre`, `Velocidad_Max`, `Energia_Acumulada`, `Capitan_ID`, `Flota_ID`) VALUES (69, 'USS Ship NCC-10069', 7.929427397888426, 34247.19029725397, 24, 15);
INSERT INTO `Naves` (`Nave_ID`, `Nombre`, `Velocidad_Max`, `Energia_Acumulada`, `Capitan_ID`, `Flota_ID`) VALUES (70, 'USS Ship NCC-10070', 8.456187764314052, 46334.37022002693, 3, 15);
INSERT INTO `Naves` (`Nave_ID`, `Nombre`, `Velocidad_Max`, `Energia_Acumulada`, `Capitan_ID`, `Flota_ID`) VALUES (71, 'USS Ship NCC-10071', 9.740289476992487, 65645.27861125952, 8, 9);
INSERT INTO `Naves` (`Nave_ID`, `Nombre`, `Velocidad_Max`, `Energia_Acumulada`, `Capitan_ID`, `Flota_ID`) VALUES (72, 'USS Ship NCC-10072', 8.014170830091468, 57215.64151030794, 3, 13);
INSERT INTO `Naves` (`Nave_ID`, `Nombre`, `Velocidad_Max`, `Energia_Acumulada`, `Capitan_ID`, `Flota_ID`) VALUES (73, 'USS Ship NCC-10073', 8.713445988002723, 31207.63841307295, 13, 7);
INSERT INTO `Naves` (`Nave_ID`, `Nombre`, `Velocidad_Max`, `Energia_Acumulada`, `Capitan_ID`, `Flota_ID`) VALUES (74, 'USS Ship NCC-10074', 8.243695171043552, 46824.891660505426, 4, 1);
INSERT INTO `Naves` (`Nave_ID`, `Nombre`, `Velocidad_Max`, `Energia_Acumulada`, `Capitan_ID`, `Flota_ID`) VALUES (75, 'USS Ship NCC-10075', 7.743262294001075, 67333.74041697622, 26, 3);

-- Insert data into Planeta_Raza
INSERT INTO `Planeta_Raza` (`Planeta_ID`, `Raza_ID`, `Porcentaje_Población`) VALUES (4, 4, 96);
INSERT INTO `Planeta_Raza` (`Planeta_ID`, `Raza_ID`, `Porcentaje_Población`) VALUES (5, 5, 94);
INSERT INTO `Planeta_Raza` (`Planeta_ID`, `Raza_ID`, `Porcentaje_Población`) VALUES (7, 7, 95);
INSERT INTO `Planeta_Raza` (`Planeta_ID`, `Raza_ID`, `Porcentaje_Población`) VALUES (9, 9, 89);
INSERT INTO `Planeta_Raza` (`Planeta_ID`, `Raza_ID`, `Porcentaje_Población`) VALUES (11, 11, 88);
INSERT INTO `Planeta_Raza` (`Planeta_ID`, `Raza_ID`, `Porcentaje_Población`) VALUES (12, 12, 87);
INSERT INTO `Planeta_Raza` (`Planeta_ID`, `Raza_ID`, `Porcentaje_Población`) VALUES (14, 18, 90);
INSERT INTO `Planeta_Raza` (`Planeta_ID`, `Raza_ID`, `Porcentaje_Población`) VALUES (15, 19, 86);
INSERT INTO `Planeta_Raza` (`Planeta_ID`, `Raza_ID`, `Porcentaje_Población`) VALUES (13, 4, 63.995504903284264);
INSERT INTO `Planeta_Raza` (`Planeta_ID`, `Raza_ID`, `Porcentaje_Población`) VALUES (8, 9, 89.68972647577772);
INSERT INTO `Planeta_Raza` (`Planeta_ID`, `Raza_ID`, `Porcentaje_Población`) VALUES (6, 7, 67.13582117021076);
INSERT INTO `Planeta_Raza` (`Planeta_ID`, `Raza_ID`, `Porcentaje_Población`) VALUES (6, 17, 12.218747506240755);
INSERT INTO `Planeta_Raza` (`Planeta_ID`, `Raza_ID`, `Porcentaje_Población`) VALUES (7, 8, 69.82804684064457);
INSERT INTO `Planeta_Raza` (`Planeta_ID`, `Raza_ID`, `Porcentaje_Población`) VALUES (6, 9, 45.82164205554781);
INSERT INTO `Planeta_Raza` (`Planeta_ID`, `Raza_ID`, `Porcentaje_Población`) VALUES (4, 10, 39.548863475702916);
INSERT INTO `Planeta_Raza` (`Planeta_ID`, `Raza_ID`, `Porcentaje_Población`) VALUES (15, 10, 49.196443893110825);
INSERT INTO `Planeta_Raza` (`Planeta_ID`, `Raza_ID`, `Porcentaje_Población`) VALUES (14, 12, 77.98990105674459);
INSERT INTO `Planeta_Raza` (`Planeta_ID`, `Raza_ID`, `Porcentaje_Población`) VALUES (8, 16, 46.224768641960104);
INSERT INTO `Planeta_Raza` (`Planeta_ID`, `Raza_ID`, `Porcentaje_Población`) VALUES (14, 13, 78.13256874942944);
INSERT INTO `Planeta_Raza` (`Planeta_ID`, `Raza_ID`, `Porcentaje_Población`) VALUES (14, 19, 30.91034214031271);
INSERT INTO `Planeta_Raza` (`Planeta_ID`, `Raza_ID`, `Porcentaje_Población`) VALUES (7, 6, 72.12219334628146);
INSERT INTO `Planeta_Raza` (`Planeta_ID`, `Raza_ID`, `Porcentaje_Población`) VALUES (11, 17, 62.370029916949214);
INSERT INTO `Planeta_Raza` (`Planeta_ID`, `Raza_ID`, `Porcentaje_Población`) VALUES (1, 15, 16.325991745985945);
INSERT INTO `Planeta_Raza` (`Planeta_ID`, `Raza_ID`, `Porcentaje_Población`) VALUES (10, 9, 60.578847478506034);
INSERT INTO `Planeta_Raza` (`Planeta_ID`, `Raza_ID`, `Porcentaje_Población`) VALUES (7, 3, 51.59967072362027);
INSERT INTO `Planeta_Raza` (`Planeta_ID`, `Raza_ID`, `Porcentaje_Población`) VALUES (1, 17, 69.30904078535222);
INSERT INTO `Planeta_Raza` (`Planeta_ID`, `Raza_ID`, `Porcentaje_Población`) VALUES (9, 15, 19.431245443315966);
INSERT INTO `Planeta_Raza` (`Planeta_ID`, `Raza_ID`, `Porcentaje_Población`) VALUES (4, 12, 41.36122482989708);
INSERT INTO `Planeta_Raza` (`Planeta_ID`, `Raza_ID`, `Porcentaje_Población`) VALUES (14, 11, 59.337685215396405);
INSERT INTO `Planeta_Raza` (`Planeta_ID`, `Raza_ID`, `Porcentaje_Población`) VALUES (6, 14, 83.07929569285399);
INSERT INTO `Planeta_Raza` (`Planeta_ID`, `Raza_ID`, `Porcentaje_Población`) VALUES (8, 11, 34.91775960734056);
INSERT INTO `Planeta_Raza` (`Planeta_ID`, `Raza_ID`, `Porcentaje_Población`) VALUES (11, 14, 71.82169670097565);
INSERT INTO `Planeta_Raza` (`Planeta_ID`, `Raza_ID`, `Porcentaje_Población`) VALUES (15, 9, 81.82349858705425);
INSERT INTO `Planeta_Raza` (`Planeta_ID`, `Raza_ID`, `Porcentaje_Población`) VALUES (12, 7, 48.78231869721479);
INSERT INTO `Planeta_Raza` (`Planeta_ID`, `Raza_ID`, `Porcentaje_Población`) VALUES (8, 6, 14.80442346799287);
INSERT INTO `Planeta_Raza` (`Planeta_ID`, `Raza_ID`, `Porcentaje_Población`) VALUES (12, 3, 22.94514952904118);
INSERT INTO `Planeta_Raza` (`Planeta_ID`, `Raza_ID`, `Porcentaje_Población`) VALUES (8, 20, 81.5424397460102);
INSERT INTO `Planeta_Raza` (`Planeta_ID`, `Raza_ID`, `Porcentaje_Población`) VALUES (7, 18, 17.11296452694744);
INSERT INTO `Planeta_Raza` (`Planeta_ID`, `Raza_ID`, `Porcentaje_Población`) VALUES (7, 19, 28.01680585275036);
INSERT INTO `Planeta_Raza` (`Planeta_ID`, `Raza_ID`, `Porcentaje_Población`) VALUES (15, 3, 41.88003031040451);
INSERT INTO `Planeta_Raza` (`Planeta_ID`, `Raza_ID`, `Porcentaje_Población`) VALUES (2, 8, 23.44463072471697);
INSERT INTO `Planeta_Raza` (`Planeta_ID`, `Raza_ID`, `Porcentaje_Población`) VALUES (5, 4, 93.30885333530073);
INSERT INTO `Planeta_Raza` (`Planeta_ID`, `Raza_ID`, `Porcentaje_Población`) VALUES (11, 2, 64.10758201640489);
INSERT INTO `Planeta_Raza` (`Planeta_ID`, `Raza_ID`, `Porcentaje_Población`) VALUES (6, 10, 85.40320693168499);
INSERT INTO `Planeta_Raza` (`Planeta_ID`, `Raza_ID`, `Porcentaje_Población`) VALUES (11, 5, 16.748186915841003);
INSERT INTO `Planeta_Raza` (`Planeta_ID`, `Raza_ID`, `Porcentaje_Población`) VALUES (15, 6, 47.741921199915204);
INSERT INTO `Planeta_Raza` (`Planeta_ID`, `Raza_ID`, `Porcentaje_Población`) VALUES (8, 19, 75.73760769086937);
INSERT INTO `Planeta_Raza` (`Planeta_ID`, `Raza_ID`, `Porcentaje_Población`) VALUES (9, 8, 88.1863937661115);
INSERT INTO `Planeta_Raza` (`Planeta_ID`, `Raza_ID`, `Porcentaje_Población`) VALUES (13, 16, 56.5093298428865);
INSERT INTO `Planeta_Raza` (`Planeta_ID`, `Raza_ID`, `Porcentaje_Población`) VALUES (15, 13, 46.6575151324176);
INSERT INTO `Planeta_Raza` (`Planeta_ID`, `Raza_ID`, `Porcentaje_Población`) VALUES (13, 2, 12.983104674420815);
INSERT INTO `Planeta_Raza` (`Planeta_ID`, `Raza_ID`, `Porcentaje_Población`) VALUES (15, 7, 57.8021887230112);
INSERT INTO `Planeta_Raza` (`Planeta_ID`, `Raza_ID`, `Porcentaje_Población`) VALUES (15, 11, 22.082487349871933);
INSERT INTO `Planeta_Raza` (`Planeta_ID`, `Raza_ID`, `Porcentaje_Población`) VALUES (4, 9, 70.18026279682694);
INSERT INTO `Planeta_Raza` (`Planeta_ID`, `Raza_ID`, `Porcentaje_Población`) VALUES (10, 1, 49.86831021437857);
INSERT INTO `Planeta_Raza` (`Planeta_ID`, `Raza_ID`, `Porcentaje_Población`) VALUES (3, 12, 21.909895330064685);
INSERT INTO `Planeta_Raza` (`Planeta_ID`, `Raza_ID`, `Porcentaje_Población`) VALUES (8, 8, 26.345813265211138);
INSERT INTO `Planeta_Raza` (`Planeta_ID`, `Raza_ID`, `Porcentaje_Población`) VALUES (5, 8, 82.15256072951422);
INSERT INTO `Planeta_Raza` (`Planeta_ID`, `Raza_ID`, `Porcentaje_Población`) VALUES (9, 6, 57.476910671284045);
INSERT INTO `Planeta_Raza` (`Planeta_ID`, `Raza_ID`, `Porcentaje_Población`) VALUES (14, 4, 78.76182953873764);
INSERT INTO `Planeta_Raza` (`Planeta_ID`, `Raza_ID`, `Porcentaje_Población`) VALUES (4, 1, 90.7485853094089);
INSERT INTO `Planeta_Raza` (`Planeta_ID`, `Raza_ID`, `Porcentaje_Población`) VALUES (12, 9, 61.8042767330398);
INSERT INTO `Planeta_Raza` (`Planeta_ID`, `Raza_ID`, `Porcentaje_Población`) VALUES (11, 8, 64.02620107226753);
INSERT INTO `Planeta_Raza` (`Planeta_ID`, `Raza_ID`, `Porcentaje_Población`) VALUES (6, 4, 71.2298944924501);
INSERT INTO `Planeta_Raza` (`Planeta_ID`, `Raza_ID`, `Porcentaje_Población`) VALUES (1, 1, 64.83507790698678);
INSERT INTO `Planeta_Raza` (`Planeta_ID`, `Raza_ID`, `Porcentaje_Población`) VALUES (13, 5, 22.79797703589886);
INSERT INTO `Planeta_Raza` (`Planeta_ID`, `Raza_ID`, `Porcentaje_Población`) VALUES (4, 7, 80.22318234379946);
INSERT INTO `Planeta_Raza` (`Planeta_ID`, `Raza_ID`, `Porcentaje_Población`) VALUES (7, 11, 71.73184068462169);
INSERT INTO `Planeta_Raza` (`Planeta_ID`, `Raza_ID`, `Porcentaje_Población`) VALUES (5, 6, 61.81369486399233);
INSERT INTO `Planeta_Raza` (`Planeta_ID`, `Raza_ID`, `Porcentaje_Población`) VALUES (11, 10, 81.41997052327483);
INSERT INTO `Planeta_Raza` (`Planeta_ID`, `Raza_ID`, `Porcentaje_Población`) VALUES (10, 3, 44.18223472511517);
INSERT INTO `Planeta_Raza` (`Planeta_ID`, `Raza_ID`, `Porcentaje_Población`) VALUES (2, 20, 90.35109574468804);
INSERT INTO `Planeta_Raza` (`Planeta_ID`, `Raza_ID`, `Porcentaje_Población`) VALUES (10, 19, 32.795296683363084);
INSERT INTO `Planeta_Raza` (`Planeta_ID`, `Raza_ID`, `Porcentaje_Población`) VALUES (1, 13, 79.1771120767404);
INSERT INTO `Planeta_Raza` (`Planeta_ID`, `Raza_ID`, `Porcentaje_Población`) VALUES (12, 15, 78.18675683133607);
INSERT INTO `Planeta_Raza` (`Planeta_ID`, `Raza_ID`, `Porcentaje_Población`) VALUES (7, 12, 43.52421243653465);
INSERT INTO `Planeta_Raza` (`Planeta_ID`, `Raza_ID`, `Porcentaje_Población`) VALUES (4, 2, 46.45804872072229);
INSERT INTO `Planeta_Raza` (`Planeta_ID`, `Raza_ID`, `Porcentaje_Población`) VALUES (10, 13, 94.89284524652189);
INSERT INTO `Planeta_Raza` (`Planeta_ID`, `Raza_ID`, `Porcentaje_Población`) VALUES (2, 7, 49.729257757209155);
INSERT INTO `Planeta_Raza` (`Planeta_ID`, `Raza_ID`, `Porcentaje_Población`) VALUES (5, 15, 28.89633464034375);
INSERT INTO `Planeta_Raza` (`Planeta_ID`, `Raza_ID`, `Porcentaje_Población`) VALUES (5, 10, 77.93339742005341);
INSERT INTO `Planeta_Raza` (`Planeta_ID`, `Raza_ID`, `Porcentaje_Población`) VALUES (3, 20, 76.85919561980343);
INSERT INTO `Planeta_Raza` (`Planeta_ID`, `Raza_ID`, `Porcentaje_Población`) VALUES (4, 16, 63.62898282080916);
INSERT INTO `Planeta_Raza` (`Planeta_ID`, `Raza_ID`, `Porcentaje_Población`) VALUES (6, 2, 72.69565736922519);
INSERT INTO `Planeta_Raza` (`Planeta_ID`, `Raza_ID`, `Porcentaje_Población`) VALUES (3, 4, 74.05137504641012);
INSERT INTO `Planeta_Raza` (`Planeta_ID`, `Raza_ID`, `Porcentaje_Población`) VALUES (1, 11, 38.43081527669867);
INSERT INTO `Planeta_Raza` (`Planeta_ID`, `Raza_ID`, `Porcentaje_Población`) VALUES (6, 16, 78.8944752975154);
INSERT INTO `Planeta_Raza` (`Planeta_ID`, `Raza_ID`, `Porcentaje_Población`) VALUES (3, 6, 74.33844020255066);
INSERT INTO `Planeta_Raza` (`Planeta_ID`, `Raza_ID`, `Porcentaje_Población`) VALUES (1, 7, 56.89882244789195);
INSERT INTO `Planeta_Raza` (`Planeta_ID`, `Raza_ID`, `Porcentaje_Población`) VALUES (6, 5, 54.864773454396904);
INSERT INTO `Planeta_Raza` (`Planeta_ID`, `Raza_ID`, `Porcentaje_Población`) VALUES (4, 14, 52.29435683128359);
INSERT INTO `Planeta_Raza` (`Planeta_ID`, `Raza_ID`, `Porcentaje_Población`) VALUES (10, 7, 67.13638046492521);
INSERT INTO `Planeta_Raza` (`Planeta_ID`, `Raza_ID`, `Porcentaje_Población`) VALUES (9, 17, 50.27491678051014);
INSERT INTO `Planeta_Raza` (`Planeta_ID`, `Raza_ID`, `Porcentaje_Población`) VALUES (9, 16, 43.49763943228641);
INSERT INTO `Planeta_Raza` (`Planeta_ID`, `Raza_ID`, `Porcentaje_Población`) VALUES (14, 8, 16.580658518203805);
INSERT INTO `Planeta_Raza` (`Planeta_ID`, `Raza_ID`, `Porcentaje_Población`) VALUES (13, 17, 83.2440925472673);
INSERT INTO `Planeta_Raza` (`Planeta_ID`, `Raza_ID`, `Porcentaje_Población`) VALUES (5, 9, 90.70812520467324);
INSERT INTO `Planeta_Raza` (`Planeta_ID`, `Raza_ID`, `Porcentaje_Población`) VALUES (12, 17, 60.017037390643374);
INSERT INTO `Planeta_Raza` (`Planeta_ID`, `Raza_ID`, `Porcentaje_Población`) VALUES (3, 3, 52.08819871237177);
INSERT INTO `Planeta_Raza` (`Planeta_ID`, `Raza_ID`, `Porcentaje_Población`) VALUES (15, 4, 61.814719539246454);
INSERT INTO `Planeta_Raza` (`Planeta_ID`, `Raza_ID`, `Porcentaje_Población`) VALUES (8, 7, 68.81082184082922);
INSERT INTO `Planeta_Raza` (`Planeta_ID`, `Raza_ID`, `Porcentaje_Población`) VALUES (11, 6, 36.80563834231428);
INSERT INTO `Planeta_Raza` (`Planeta_ID`, `Raza_ID`, `Porcentaje_Población`) VALUES (4, 19, 43.52167394741395);
INSERT INTO `Planeta_Raza` (`Planeta_ID`, `Raza_ID`, `Porcentaje_Población`) VALUES (1, 6, 17.572406377879158);
INSERT INTO `Planeta_Raza` (`Planeta_ID`, `Raza_ID`, `Porcentaje_Población`) VALUES (12, 13, 44.941457395357396);
INSERT INTO `Planeta_Raza` (`Planeta_ID`, `Raza_ID`, `Porcentaje_Población`) VALUES (11, 1, 35.57952175191136);
INSERT INTO `Planeta_Raza` (`Planeta_ID`, `Raza_ID`, `Porcentaje_Población`) VALUES (12, 18, 78.03785760966555);
INSERT INTO `Planeta_Raza` (`Planeta_ID`, `Raza_ID`, `Porcentaje_Población`) VALUES (3, 11, 73.01838389608093);
INSERT INTO `Planeta_Raza` (`Planeta_ID`, `Raza_ID`, `Porcentaje_Población`) VALUES (10, 4, 27.389203247885312);
INSERT INTO `Planeta_Raza` (`Planeta_ID`, `Raza_ID`, `Porcentaje_Población`) VALUES (10, 17, 94.24460865092784);
INSERT INTO `Planeta_Raza` (`Planeta_ID`, `Raza_ID`, `Porcentaje_Población`) VALUES (2, 18, 32.530350036461265);
INSERT INTO `Planeta_Raza` (`Planeta_ID`, `Raza_ID`, `Porcentaje_Población`) VALUES (5, 20, 76.03925581363167);
INSERT INTO `Planeta_Raza` (`Planeta_ID`, `Raza_ID`, `Porcentaje_Población`) VALUES (14, 5, 13.452689000741877);
INSERT INTO `Planeta_Raza` (`Planeta_ID`, `Raza_ID`, `Porcentaje_Población`) VALUES (9, 4, 46.419589953605815);
INSERT INTO `Planeta_Raza` (`Planeta_ID`, `Raza_ID`, `Porcentaje_Población`) VALUES (15, 15, 53.39660965296837);
INSERT INTO `Planeta_Raza` (`Planeta_ID`, `Raza_ID`, `Porcentaje_Población`) VALUES (5, 7, 89.22288297627793);
INSERT INTO `Planeta_Raza` (`Planeta_ID`, `Raza_ID`, `Porcentaje_Población`) VALUES (9, 3, 76.36575577111398);
INSERT INTO `Planeta_Raza` (`Planeta_ID`, `Raza_ID`, `Porcentaje_Población`) VALUES (10, 14, 82.48239378917992);
INSERT INTO `Planeta_Raza` (`Planeta_ID`, `Raza_ID`, `Porcentaje_Población`) VALUES (9, 5, 71.25369567953868);
INSERT INTO `Planeta_Raza` (`Planeta_ID`, `Raza_ID`, `Porcentaje_Población`) VALUES (6, 15, 73.54881579537917);
INSERT INTO `Planeta_Raza` (`Planeta_ID`, `Raza_ID`, `Porcentaje_Población`) VALUES (1, 20, 17.89678309225027);

-- Insert data into Nave_Maniobra
INSERT INTO `Nave_Maniobra` (`Nave_ID`, `Maniobra_ID`) VALUES (1, 9);
INSERT INTO `Nave_Maniobra` (`Nave_ID`, `Maniobra_ID`) VALUES (2, 13);
INSERT INTO `Nave_Maniobra` (`Nave_ID`, `Maniobra_ID`) VALUES (2, 10);
INSERT INTO `Nave_Maniobra` (`Nave_ID`, `Maniobra_ID`) VALUES (2, 11);
INSERT INTO `Nave_Maniobra` (`Nave_ID`, `Maniobra_ID`) VALUES (3, 5);
INSERT INTO `Nave_Maniobra` (`Nave_ID`, `Maniobra_ID`) VALUES (4, 7);
INSERT INTO `Nave_Maniobra` (`Nave_ID`, `Maniobra_ID`) VALUES (4, 4);
INSERT INTO `Nave_Maniobra` (`Nave_ID`, `Maniobra_ID`) VALUES (4, 8);
INSERT INTO `Nave_Maniobra` (`Nave_ID`, `Maniobra_ID`) VALUES (5, 8);
INSERT INTO `Nave_Maniobra` (`Nave_ID`, `Maniobra_ID`) VALUES (5, 9);
INSERT INTO `Nave_Maniobra` (`Nave_ID`, `Maniobra_ID`) VALUES (5, 13);
INSERT INTO `Nave_Maniobra` (`Nave_ID`, `Maniobra_ID`) VALUES (6, 7);
INSERT INTO `Nave_Maniobra` (`Nave_ID`, `Maniobra_ID`) VALUES (6, 6);
INSERT INTO `Nave_Maniobra` (`Nave_ID`, `Maniobra_ID`) VALUES (7, 15);
INSERT INTO `Nave_Maniobra` (`Nave_ID`, `Maniobra_ID`) VALUES (7, 3);
INSERT INTO `Nave_Maniobra` (`Nave_ID`, `Maniobra_ID`) VALUES (8, 2);
INSERT INTO `Nave_Maniobra` (`Nave_ID`, `Maniobra_ID`) VALUES (8, 11);
INSERT INTO `Nave_Maniobra` (`Nave_ID`, `Maniobra_ID`) VALUES (8, 15);
INSERT INTO `Nave_Maniobra` (`Nave_ID`, `Maniobra_ID`) VALUES (9, 11);
INSERT INTO `Nave_Maniobra` (`Nave_ID`, `Maniobra_ID`) VALUES (9, 13);
INSERT INTO `Nave_Maniobra` (`Nave_ID`, `Maniobra_ID`) VALUES (10, 8);
INSERT INTO `Nave_Maniobra` (`Nave_ID`, `Maniobra_ID`) VALUES (11, 12);
INSERT INTO `Nave_Maniobra` (`Nave_ID`, `Maniobra_ID`) VALUES (12, 3);
INSERT INTO `Nave_Maniobra` (`Nave_ID`, `Maniobra_ID`) VALUES (12, 14);
INSERT INTO `Nave_Maniobra` (`Nave_ID`, `Maniobra_ID`) VALUES (13, 15);
INSERT INTO `Nave_Maniobra` (`Nave_ID`, `Maniobra_ID`) VALUES (13, 12);
INSERT INTO `Nave_Maniobra` (`Nave_ID`, `Maniobra_ID`) VALUES (14, 8);
INSERT INTO `Nave_Maniobra` (`Nave_ID`, `Maniobra_ID`) VALUES (14, 3);
INSERT INTO `Nave_Maniobra` (`Nave_ID`, `Maniobra_ID`) VALUES (15, 7);
INSERT INTO `Nave_Maniobra` (`Nave_ID`, `Maniobra_ID`) VALUES (15, 8);
INSERT INTO `Nave_Maniobra` (`Nave_ID`, `Maniobra_ID`) VALUES (16, 3);
INSERT INTO `Nave_Maniobra` (`Nave_ID`, `Maniobra_ID`) VALUES (17, 14);
INSERT INTO `Nave_Maniobra` (`Nave_ID`, `Maniobra_ID`) VALUES (18, 8);
INSERT INTO `Nave_Maniobra` (`Nave_ID`, `Maniobra_ID`) VALUES (18, 11);
INSERT INTO `Nave_Maniobra` (`Nave_ID`, `Maniobra_ID`) VALUES (19, 10);
INSERT INTO `Nave_Maniobra` (`Nave_ID`, `Maniobra_ID`) VALUES (19, 6);
INSERT INTO `Nave_Maniobra` (`Nave_ID`, `Maniobra_ID`) VALUES (19, 11);
INSERT INTO `Nave_Maniobra` (`Nave_ID`, `Maniobra_ID`) VALUES (20, 11);
INSERT INTO `Nave_Maniobra` (`Nave_ID`, `Maniobra_ID`) VALUES (21, 2);
INSERT INTO `Nave_Maniobra` (`Nave_ID`, `Maniobra_ID`) VALUES (21, 5);
INSERT INTO `Nave_Maniobra` (`Nave_ID`, `Maniobra_ID`) VALUES (22, 15);
INSERT INTO `Nave_Maniobra` (`Nave_ID`, `Maniobra_ID`) VALUES (22, 4);
INSERT INTO `Nave_Maniobra` (`Nave_ID`, `Maniobra_ID`) VALUES (22, 10);
INSERT INTO `Nave_Maniobra` (`Nave_ID`, `Maniobra_ID`) VALUES (23, 11);
INSERT INTO `Nave_Maniobra` (`Nave_ID`, `Maniobra_ID`) VALUES (23, 14);
INSERT INTO `Nave_Maniobra` (`Nave_ID`, `Maniobra_ID`) VALUES (24, 10);
INSERT INTO `Nave_Maniobra` (`Nave_ID`, `Maniobra_ID`) VALUES (25, 13);
INSERT INTO `Nave_Maniobra` (`Nave_ID`, `Maniobra_ID`) VALUES (25, 8);
INSERT INTO `Nave_Maniobra` (`Nave_ID`, `Maniobra_ID`) VALUES (25, 2);
INSERT INTO `Nave_Maniobra` (`Nave_ID`, `Maniobra_ID`) VALUES (26, 4);
INSERT INTO `Nave_Maniobra` (`Nave_ID`, `Maniobra_ID`) VALUES (26, 2);
INSERT INTO `Nave_Maniobra` (`Nave_ID`, `Maniobra_ID`) VALUES (26, 12);
INSERT INTO `Nave_Maniobra` (`Nave_ID`, `Maniobra_ID`) VALUES (27, 3);
INSERT INTO `Nave_Maniobra` (`Nave_ID`, `Maniobra_ID`) VALUES (27, 4);
INSERT INTO `Nave_Maniobra` (`Nave_ID`, `Maniobra_ID`) VALUES (28, 12);
INSERT INTO `Nave_Maniobra` (`Nave_ID`, `Maniobra_ID`) VALUES (28, 9);
INSERT INTO `Nave_Maniobra` (`Nave_ID`, `Maniobra_ID`) VALUES (29, 8);
INSERT INTO `Nave_Maniobra` (`Nave_ID`, `Maniobra_ID`) VALUES (29, 5);
INSERT INTO `Nave_Maniobra` (`Nave_ID`, `Maniobra_ID`) VALUES (30, 15);
INSERT INTO `Nave_Maniobra` (`Nave_ID`, `Maniobra_ID`) VALUES (31, 11);
INSERT INTO `Nave_Maniobra` (`Nave_ID`, `Maniobra_ID`) VALUES (32, 7);
INSERT INTO `Nave_Maniobra` (`Nave_ID`, `Maniobra_ID`) VALUES (33, 8);
INSERT INTO `Nave_Maniobra` (`Nave_ID`, `Maniobra_ID`) VALUES (33, 15);
INSERT INTO `Nave_Maniobra` (`Nave_ID`, `Maniobra_ID`) VALUES (33, 11);
INSERT INTO `Nave_Maniobra` (`Nave_ID`, `Maniobra_ID`) VALUES (34, 5);
INSERT INTO `Nave_Maniobra` (`Nave_ID`, `Maniobra_ID`) VALUES (34, 4);
INSERT INTO `Nave_Maniobra` (`Nave_ID`, `Maniobra_ID`) VALUES (35, 1);
INSERT INTO `Nave_Maniobra` (`Nave_ID`, `Maniobra_ID`) VALUES (35, 14);
INSERT INTO `Nave_Maniobra` (`Nave_ID`, `Maniobra_ID`) VALUES (36, 13);
INSERT INTO `Nave_Maniobra` (`Nave_ID`, `Maniobra_ID`) VALUES (37, 1);
INSERT INTO `Nave_Maniobra` (`Nave_ID`, `Maniobra_ID`) VALUES (38, 7);
INSERT INTO `Nave_Maniobra` (`Nave_ID`, `Maniobra_ID`) VALUES (38, 11);
INSERT INTO `Nave_Maniobra` (`Nave_ID`, `Maniobra_ID`) VALUES (38, 12);
INSERT INTO `Nave_Maniobra` (`Nave_ID`, `Maniobra_ID`) VALUES (39, 14);
INSERT INTO `Nave_Maniobra` (`Nave_ID`, `Maniobra_ID`) VALUES (39, 15);
INSERT INTO `Nave_Maniobra` (`Nave_ID`, `Maniobra_ID`) VALUES (40, 5);
INSERT INTO `Nave_Maniobra` (`Nave_ID`, `Maniobra_ID`) VALUES (41, 14);
INSERT INTO `Nave_Maniobra` (`Nave_ID`, `Maniobra_ID`) VALUES (41, 10);
INSERT INTO `Nave_Maniobra` (`Nave_ID`, `Maniobra_ID`) VALUES (42, 6);
INSERT INTO `Nave_Maniobra` (`Nave_ID`, `Maniobra_ID`) VALUES (43, 3);
INSERT INTO `Nave_Maniobra` (`Nave_ID`, `Maniobra_ID`) VALUES (43, 13);
INSERT INTO `Nave_Maniobra` (`Nave_ID`, `Maniobra_ID`) VALUES (43, 12);
INSERT INTO `Nave_Maniobra` (`Nave_ID`, `Maniobra_ID`) VALUES (44, 2);
INSERT INTO `Nave_Maniobra` (`Nave_ID`, `Maniobra_ID`) VALUES (45, 8);
INSERT INTO `Nave_Maniobra` (`Nave_ID`, `Maniobra_ID`) VALUES (45, 13);
INSERT INTO `Nave_Maniobra` (`Nave_ID`, `Maniobra_ID`) VALUES (46, 4);
INSERT INTO `Nave_Maniobra` (`Nave_ID`, `Maniobra_ID`) VALUES (46, 6);
INSERT INTO `Nave_Maniobra` (`Nave_ID`, `Maniobra_ID`) VALUES (47, 3);
INSERT INTO `Nave_Maniobra` (`Nave_ID`, `Maniobra_ID`) VALUES (47, 7);
INSERT INTO `Nave_Maniobra` (`Nave_ID`, `Maniobra_ID`) VALUES (47, 13);
INSERT INTO `Nave_Maniobra` (`Nave_ID`, `Maniobra_ID`) VALUES (48, 13);
INSERT INTO `Nave_Maniobra` (`Nave_ID`, `Maniobra_ID`) VALUES (48, 12);
INSERT INTO `Nave_Maniobra` (`Nave_ID`, `Maniobra_ID`) VALUES (49, 11);
INSERT INTO `Nave_Maniobra` (`Nave_ID`, `Maniobra_ID`) VALUES (49, 15);
INSERT INTO `Nave_Maniobra` (`Nave_ID`, `Maniobra_ID`) VALUES (49, 3);
INSERT INTO `Nave_Maniobra` (`Nave_ID`, `Maniobra_ID`) VALUES (50, 10);
INSERT INTO `Nave_Maniobra` (`Nave_ID`, `Maniobra_ID`) VALUES (50, 9);
INSERT INTO `Nave_Maniobra` (`Nave_ID`, `Maniobra_ID`) VALUES (50, 3);
INSERT INTO `Nave_Maniobra` (`Nave_ID`, `Maniobra_ID`) VALUES (51, 14);
INSERT INTO `Nave_Maniobra` (`Nave_ID`, `Maniobra_ID`) VALUES (51, 6);
INSERT INTO `Nave_Maniobra` (`Nave_ID`, `Maniobra_ID`) VALUES (52, 7);
INSERT INTO `Nave_Maniobra` (`Nave_ID`, `Maniobra_ID`) VALUES (12, 5);
INSERT INTO `Nave_Maniobra` (`Nave_ID`, `Maniobra_ID`) VALUES (33, 12);
INSERT INTO `Nave_Maniobra` (`Nave_ID`, `Maniobra_ID`) VALUES (41, 8);
INSERT INTO `Nave_Maniobra` (`Nave_ID`, `Maniobra_ID`) VALUES (42, 3);
INSERT INTO `Nave_Maniobra` (`Nave_ID`, `Maniobra_ID`) VALUES (3, 3);
INSERT INTO `Nave_Maniobra` (`Nave_ID`, `Maniobra_ID`) VALUES (47, 14);
INSERT INTO `Nave_Maniobra` (`Nave_ID`, `Maniobra_ID`) VALUES (42, 11);
INSERT INTO `Nave_Maniobra` (`Nave_ID`, `Maniobra_ID`) VALUES (42, 10);
INSERT INTO `Nave_Maniobra` (`Nave_ID`, `Maniobra_ID`) VALUES (33, 2);
INSERT INTO `Nave_Maniobra` (`Nave_ID`, `Maniobra_ID`) VALUES (16, 6);
INSERT INTO `Nave_Maniobra` (`Nave_ID`, `Maniobra_ID`) VALUES (36, 11);
INSERT INTO `Nave_Maniobra` (`Nave_ID`, `Maniobra_ID`) VALUES (46, 1);
INSERT INTO `Nave_Maniobra` (`Nave_ID`, `Maniobra_ID`) VALUES (22, 12);
INSERT INTO `Nave_Maniobra` (`Nave_ID`, `Maniobra_ID`) VALUES (49, 14);
INSERT INTO `Nave_Maniobra` (`Nave_ID`, `Maniobra_ID`) VALUES (44, 8);
INSERT INTO `Nave_Maniobra` (`Nave_ID`, `Maniobra_ID`) VALUES (45, 7);
INSERT INTO `Nave_Maniobra` (`Nave_ID`, `Maniobra_ID`) VALUES (27, 7);
INSERT INTO `Nave_Maniobra` (`Nave_ID`, `Maniobra_ID`) VALUES (23, 2);
INSERT INTO `Nave_Maniobra` (`Nave_ID`, `Maniobra_ID`) VALUES (51, 4);
INSERT INTO `Nave_Maniobra` (`Nave_ID`, `Maniobra_ID`) VALUES (9, 9);
INSERT INTO `Nave_Maniobra` (`Nave_ID`, `Maniobra_ID`) VALUES (13, 6);
INSERT INTO `Nave_Maniobra` (`Nave_ID`, `Maniobra_ID`) VALUES (50, 6);
INSERT INTO `Nave_Maniobra` (`Nave_ID`, `Maniobra_ID`) VALUES (37, 8);
INSERT INTO `Nave_Maniobra` (`Nave_ID`, `Maniobra_ID`) VALUES (25, 7);
INSERT INTO `Nave_Maniobra` (`Nave_ID`, `Maniobra_ID`) VALUES (49, 2);
INSERT INTO `Nave_Maniobra` (`Nave_ID`, `Maniobra_ID`) VALUES (14, 10);
INSERT INTO `Nave_Maniobra` (`Nave_ID`, `Maniobra_ID`) VALUES (42, 15);
INSERT INTO `Nave_Maniobra` (`Nave_ID`, `Maniobra_ID`) VALUES (20, 15);
INSERT INTO `Nave_Maniobra` (`Nave_ID`, `Maniobra_ID`) VALUES (26, 7);
INSERT INTO `Nave_Maniobra` (`Nave_ID`, `Maniobra_ID`) VALUES (3, 8);
INSERT INTO `Nave_Maniobra` (`Nave_ID`, `Maniobra_ID`) VALUES (39, 7);
INSERT INTO `Nave_Maniobra` (`Nave_ID`, `Maniobra_ID`) VALUES (9, 15);
INSERT INTO `Nave_Maniobra` (`Nave_ID`, `Maniobra_ID`) VALUES (13, 3);
INSERT INTO `Nave_Maniobra` (`Nave_ID`, `Maniobra_ID`) VALUES (49, 5);
INSERT INTO `Nave_Maniobra` (`Nave_ID`, `Maniobra_ID`) VALUES (46, 13);
INSERT INTO `Nave_Maniobra` (`Nave_ID`, `Maniobra_ID`) VALUES (44, 4);
INSERT INTO `Nave_Maniobra` (`Nave_ID`, `Maniobra_ID`) VALUES (13, 1);
INSERT INTO `Nave_Maniobra` (`Nave_ID`, `Maniobra_ID`) VALUES (1, 14);
INSERT INTO `Nave_Maniobra` (`Nave_ID`, `Maniobra_ID`) VALUES (26, 10);
INSERT INTO `Nave_Maniobra` (`Nave_ID`, `Maniobra_ID`) VALUES (31, 3);
INSERT INTO `Nave_Maniobra` (`Nave_ID`, `Maniobra_ID`) VALUES (6, 11);
INSERT INTO `Nave_Maniobra` (`Nave_ID`, `Maniobra_ID`) VALUES (3, 6);
INSERT INTO `Nave_Maniobra` (`Nave_ID`, `Maniobra_ID`) VALUES (52, 9);
INSERT INTO `Nave_Maniobra` (`Nave_ID`, `Maniobra_ID`) VALUES (21, 15);
INSERT INTO `Nave_Maniobra` (`Nave_ID`, `Maniobra_ID`) VALUES (52, 1);
INSERT INTO `Nave_Maniobra` (`Nave_ID`, `Maniobra_ID`) VALUES (36, 7);
INSERT INTO `Nave_Maniobra` (`Nave_ID`, `Maniobra_ID`) VALUES (41, 7);
INSERT INTO `Nave_Maniobra` (`Nave_ID`, `Maniobra_ID`) VALUES (9, 14);
INSERT INTO `Nave_Maniobra` (`Nave_ID`, `Maniobra_ID`) VALUES (10, 14);
INSERT INTO `Nave_Maniobra` (`Nave_ID`, `Maniobra_ID`) VALUES (30, 5);
INSERT INTO `Nave_Maniobra` (`Nave_ID`, `Maniobra_ID`) VALUES (19, 13);
INSERT INTO `Nave_Maniobra` (`Nave_ID`, `Maniobra_ID`) VALUES (50, 8);
INSERT INTO `Nave_Maniobra` (`Nave_ID`, `Maniobra_ID`) VALUES (34, 13);
INSERT INTO `Nave_Maniobra` (`Nave_ID`, `Maniobra_ID`) VALUES (4, 15);
INSERT INTO `Nave_Maniobra` (`Nave_ID`, `Maniobra_ID`) VALUES (38, 10);
INSERT INTO `Nave_Maniobra` (`Nave_ID`, `Maniobra_ID`) VALUES (22, 1);
INSERT INTO `Nave_Maniobra` (`Nave_ID`, `Maniobra_ID`) VALUES (6, 15);
INSERT INTO `Nave_Maniobra` (`Nave_ID`, `Maniobra_ID`) VALUES (33, 13);
INSERT INTO `Nave_Maniobra` (`Nave_ID`, `Maniobra_ID`) VALUES (33, 7);
INSERT INTO `Nave_Maniobra` (`Nave_ID`, `Maniobra_ID`) VALUES (43, 14);
INSERT INTO `Nave_Maniobra` (`Nave_ID`, `Maniobra_ID`) VALUES (33, 1);
INSERT INTO `Nave_Maniobra` (`Nave_ID`, `Maniobra_ID`) VALUES (35, 4);
INSERT INTO `Nave_Maniobra` (`Nave_ID`, `Maniobra_ID`) VALUES (24, 1);
INSERT INTO `Nave_Maniobra` (`Nave_ID`, `Maniobra_ID`) VALUES (30, 4);
INSERT INTO `Nave_Maniobra` (`Nave_ID`, `Maniobra_ID`) VALUES (39, 13);
INSERT INTO `Nave_Maniobra` (`Nave_ID`, `Maniobra_ID`) VALUES (37, 7);
INSERT INTO `Nave_Maniobra` (`Nave_ID`, `Maniobra_ID`) VALUES (37, 9);
INSERT INTO `Nave_Maniobra` (`Nave_ID`, `Maniobra_ID`) VALUES (37, 5);
INSERT INTO `Nave_Maniobra` (`Nave_ID`, `Maniobra_ID`) VALUES (4, 14);
INSERT INTO `Nave_Maniobra` (`Nave_ID`, `Maniobra_ID`) VALUES (20, 12);
INSERT INTO `Nave_Maniobra` (`Nave_ID`, `Maniobra_ID`) VALUES (51, 7);
INSERT INTO `Nave_Maniobra` (`Nave_ID`, `Maniobra_ID`) VALUES (7, 4);
INSERT INTO `Nave_Maniobra` (`Nave_ID`, `Maniobra_ID`) VALUES (36, 1);
INSERT INTO `Nave_Maniobra` (`Nave_ID`, `Maniobra_ID`) VALUES (39, 8);
INSERT INTO `Nave_Maniobra` (`Nave_ID`, `Maniobra_ID`) VALUES (15, 5);
INSERT INTO `Nave_Maniobra` (`Nave_ID`, `Maniobra_ID`) VALUES (37, 6);
INSERT INTO `Nave_Maniobra` (`Nave_ID`, `Maniobra_ID`) VALUES (52, 3);
INSERT INTO `Nave_Maniobra` (`Nave_ID`, `Maniobra_ID`) VALUES (22, 8);
INSERT INTO `Nave_Maniobra` (`Nave_ID`, `Maniobra_ID`) VALUES (35, 9);
INSERT INTO `Nave_Maniobra` (`Nave_ID`, `Maniobra_ID`) VALUES (19, 3);
INSERT INTO `Nave_Maniobra` (`Nave_ID`, `Maniobra_ID`) VALUES (19, 9);
INSERT INTO `Nave_Maniobra` (`Nave_ID`, `Maniobra_ID`) VALUES (52, 15);
INSERT INTO `Nave_Maniobra` (`Nave_ID`, `Maniobra_ID`) VALUES (17, 9);
INSERT INTO `Nave_Maniobra` (`Nave_ID`, `Maniobra_ID`) VALUES (31, 13);
INSERT INTO `Nave_Maniobra` (`Nave_ID`, `Maniobra_ID`) VALUES (31, 7);
INSERT INTO `Nave_Maniobra` (`Nave_ID`, `Maniobra_ID`) VALUES (26, 13);
INSERT INTO `Nave_Maniobra` (`Nave_ID`, `Maniobra_ID`) VALUES (42, 1);
INSERT INTO `Nave_Maniobra` (`Nave_ID`, `Maniobra_ID`) VALUES (11, 7);
INSERT INTO `Nave_Maniobra` (`Nave_ID`, `Maniobra_ID`) VALUES (15, 11);
INSERT INTO `Nave_Maniobra` (`Nave_ID`, `Maniobra_ID`) VALUES (35, 11);
INSERT INTO `Nave_Maniobra` (`Nave_ID`, `Maniobra_ID`) VALUES (5, 1);
INSERT INTO `Nave_Maniobra` (`Nave_ID`, `Maniobra_ID`) VALUES (45, 4);
INSERT INTO `Nave_Maniobra` (`Nave_ID`, `Maniobra_ID`) VALUES (16, 9);
INSERT INTO `Nave_Maniobra` (`Nave_ID`, `Maniobra_ID`) VALUES (29, 15);
INSERT INTO `Nave_Maniobra` (`Nave_ID`, `Maniobra_ID`) VALUES (11, 2);
INSERT INTO `Nave_Maniobra` (`Nave_ID`, `Maniobra_ID`) VALUES (32, 4);
INSERT INTO `Nave_Maniobra` (`Nave_ID`, `Maniobra_ID`) VALUES (44, 9);
INSERT INTO `Nave_Maniobra` (`Nave_ID`, `Maniobra_ID`) VALUES (17, 13);
INSERT INTO `Nave_Maniobra` (`Nave_ID`, `Maniobra_ID`) VALUES (3, 14);
INSERT INTO `Nave_Maniobra` (`Nave_ID`, `Maniobra_ID`) VALUES (28, 6);
INSERT INTO `Nave_Maniobra` (`Nave_ID`, `Maniobra_ID`) VALUES (38, 3);
INSERT INTO `Nave_Maniobra` (`Nave_ID`, `Maniobra_ID`) VALUES (30, 3);
INSERT INTO `Nave_Maniobra` (`Nave_ID`, `Maniobra_ID`) VALUES (50, 11);
INSERT INTO `Nave_Maniobra` (`Nave_ID`, `Maniobra_ID`) VALUES (38, 6);
INSERT INTO `Nave_Maniobra` (`Nave_ID`, `Maniobra_ID`) VALUES (16, 1);
INSERT INTO `Nave_Maniobra` (`Nave_ID`, `Maniobra_ID`) VALUES (45, 11);
INSERT INTO `Nave_Maniobra` (`Nave_ID`, `Maniobra_ID`) VALUES (43, 10);
INSERT INTO `Nave_Maniobra` (`Nave_ID`, `Maniobra_ID`) VALUES (14, 9);
INSERT INTO `Nave_Maniobra` (`Nave_ID`, `Maniobra_ID`) VALUES (3, 4);
INSERT INTO `Nave_Maniobra` (`Nave_ID`, `Maniobra_ID`) VALUES (29, 10);
INSERT INTO `Nave_Maniobra` (`Nave_ID`, `Maniobra_ID`) VALUES (52, 11);
INSERT INTO `Nave_Maniobra` (`Nave_ID`, `Maniobra_ID`) VALUES (26, 14);
INSERT INTO `Nave_Maniobra` (`Nave_ID`, `Maniobra_ID`) VALUES (25, 6);
INSERT INTO `Nave_Maniobra` (`Nave_ID`, `Maniobra_ID`) VALUES (29, 9);
INSERT INTO `Nave_Maniobra` (`Nave_ID`, `Maniobra_ID`) VALUES (37, 13);
INSERT INTO `Nave_Maniobra` (`Nave_ID`, `Maniobra_ID`) VALUES (11, 9);
INSERT INTO `Nave_Maniobra` (`Nave_ID`, `Maniobra_ID`) VALUES (12, 12);
INSERT INTO `Nave_Maniobra` (`Nave_ID`, `Maniobra_ID`) VALUES (26, 3);
INSERT INTO `Nave_Maniobra` (`Nave_ID`, `Maniobra_ID`) VALUES (23, 8);
INSERT INTO `Nave_Maniobra` (`Nave_ID`, `Maniobra_ID`) VALUES (29, 3);
INSERT INTO `Nave_Maniobra` (`Nave_ID`, `Maniobra_ID`) VALUES (8, 6);
INSERT INTO `Nave_Maniobra` (`Nave_ID`, `Maniobra_ID`) VALUES (41, 9);
INSERT INTO `Nave_Maniobra` (`Nave_ID`, `Maniobra_ID`) VALUES (44, 6);
INSERT INTO `Nave_Maniobra` (`Nave_ID`, `Maniobra_ID`) VALUES (3, 9);
INSERT INTO `Nave_Maniobra` (`Nave_ID`, `Maniobra_ID`) VALUES (44, 5);
INSERT INTO `Nave_Maniobra` (`Nave_ID`, `Maniobra_ID`) VALUES (10, 12);
INSERT INTO `Nave_Maniobra` (`Nave_ID`, `Maniobra_ID`) VALUES (30, 11);
INSERT INTO `Nave_Maniobra` (`Nave_ID`, `Maniobra_ID`) VALUES (34, 14);
INSERT INTO `Nave_Maniobra` (`Nave_ID`, `Maniobra_ID`) VALUES (38, 8);
INSERT INTO `Nave_Maniobra` (`Nave_ID`, `Maniobra_ID`) VALUES (21, 7);
INSERT INTO `Nave_Maniobra` (`Nave_ID`, `Maniobra_ID`) VALUES (32, 3);
INSERT INTO `Nave_Maniobra` (`Nave_ID`, `Maniobra_ID`) VALUES (3, 10);
INSERT INTO `Nave_Maniobra` (`Nave_ID`, `Maniobra_ID`) VALUES (7, 5);
INSERT INTO `Nave_Maniobra` (`Nave_ID`, `Maniobra_ID`) VALUES (35, 15);
INSERT INTO `Nave_Maniobra` (`Nave_ID`, `Maniobra_ID`) VALUES (47, 5);
INSERT INTO `Nave_Maniobra` (`Nave_ID`, `Maniobra_ID`) VALUES (48, 6);
INSERT INTO `Nave_Maniobra` (`Nave_ID`, `Maniobra_ID`) VALUES (32, 13);
INSERT INTO `Nave_Maniobra` (`Nave_ID`, `Maniobra_ID`) VALUES (44, 11);
INSERT INTO `Nave_Maniobra` (`Nave_ID`, `Maniobra_ID`) VALUES (10, 3);
INSERT INTO `Nave_Maniobra` (`Nave_ID`, `Maniobra_ID`) VALUES (30, 8);
INSERT INTO `Nave_Maniobra` (`Nave_ID`, `Maniobra_ID`) VALUES (42, 7);
INSERT INTO `Nave_Maniobra` (`Nave_ID`, `Maniobra_ID`) VALUES (23, 7);
INSERT INTO `Nave_Maniobra` (`Nave_ID`, `Maniobra_ID`) VALUES (51, 1);
INSERT INTO `Nave_Maniobra` (`Nave_ID`, `Maniobra_ID`) VALUES (39, 2);
INSERT INTO `Nave_Maniobra` (`Nave_ID`, `Maniobra_ID`) VALUES (35, 5);
INSERT INTO `Nave_Maniobra` (`Nave_ID`, `Maniobra_ID`) VALUES (34, 1);
INSERT INTO `Nave_Maniobra` (`Nave_ID`, `Maniobra_ID`) VALUES (46, 3);
INSERT INTO `Nave_Maniobra` (`Nave_ID`, `Maniobra_ID`) VALUES (43, 7);
INSERT INTO `Nave_Maniobra` (`Nave_ID`, `Maniobra_ID`) VALUES (46, 12);
INSERT INTO `Nave_Maniobra` (`Nave_ID`, `Maniobra_ID`) VALUES (12, 13);
INSERT INTO `Nave_Maniobra` (`Nave_ID`, `Maniobra_ID`) VALUES (14, 12);
INSERT INTO `Nave_Maniobra` (`Nave_ID`, `Maniobra_ID`) VALUES (51, 11);
INSERT INTO `Nave_Maniobra` (`Nave_ID`, `Maniobra_ID`) VALUES (48, 7);
INSERT INTO `Nave_Maniobra` (`Nave_ID`, `Maniobra_ID`) VALUES (23, 12);
INSERT INTO `Nave_Maniobra` (`Nave_ID`, `Maniobra_ID`) VALUES (20, 1);
INSERT INTO `Nave_Maniobra` (`Nave_ID`, `Maniobra_ID`) VALUES (51, 12);
INSERT INTO `Nave_Maniobra` (`Nave_ID`, `Maniobra_ID`) VALUES (24, 13);
INSERT INTO `Nave_Maniobra` (`Nave_ID`, `Maniobra_ID`) VALUES (41, 6);
INSERT INTO `Nave_Maniobra` (`Nave_ID`, `Maniobra_ID`) VALUES (1, 10);
INSERT INTO `Nave_Maniobra` (`Nave_ID`, `Maniobra_ID`) VALUES (4, 6);
INSERT INTO `Nave_Maniobra` (`Nave_ID`, `Maniobra_ID`) VALUES (43, 4);
INSERT INTO `Nave_Maniobra` (`Nave_ID`, `Maniobra_ID`) VALUES (1, 12);
INSERT INTO `Nave_Maniobra` (`Nave_ID`, `Maniobra_ID`) VALUES (50, 14);
INSERT INTO `Nave_Maniobra` (`Nave_ID`, `Maniobra_ID`) VALUES (48, 8);
INSERT INTO `Nave_Maniobra` (`Nave_ID`, `Maniobra_ID`) VALUES (38, 14);
INSERT INTO `Nave_Maniobra` (`Nave_ID`, `Maniobra_ID`) VALUES (14, 11);
INSERT INTO `Nave_Maniobra` (`Nave_ID`, `Maniobra_ID`) VALUES (24, 14);
INSERT INTO `Nave_Maniobra` (`Nave_ID`, `Maniobra_ID`) VALUES (10, 10);
INSERT INTO `Nave_Maniobra` (`Nave_ID`, `Maniobra_ID`) VALUES (8, 1);
INSERT INTO `Nave_Maniobra` (`Nave_ID`, `Maniobra_ID`) VALUES (21, 4);
INSERT INTO `Nave_Maniobra` (`Nave_ID`, `Maniobra_ID`) VALUES (40, 15);
INSERT INTO `Nave_Maniobra` (`Nave_ID`, `Maniobra_ID`) VALUES (2, 8);
INSERT INTO `Nave_Maniobra` (`Nave_ID`, `Maniobra_ID`) VALUES (47, 11);
INSERT INTO `Nave_Maniobra` (`Nave_ID`, `Maniobra_ID`) VALUES (35, 6);
INSERT INTO `Nave_Maniobra` (`Nave_ID`, `Maniobra_ID`) VALUES (3, 7);
INSERT INTO `Nave_Maniobra` (`Nave_ID`, `Maniobra_ID`) VALUES (15, 12);
INSERT INTO `Nave_Maniobra` (`Nave_ID`, `Maniobra_ID`) VALUES (51, 10);
INSERT INTO `Nave_Maniobra` (`Nave_ID`, `Maniobra_ID`) VALUES (31, 4);
INSERT INTO `Nave_Maniobra` (`Nave_ID`, `Maniobra_ID`) VALUES (44, 12);
INSERT INTO `Nave_Maniobra` (`Nave_ID`, `Maniobra_ID`) VALUES (13, 10);
INSERT INTO `Nave_Maniobra` (`Nave_ID`, `Maniobra_ID`) VALUES (47, 4);
INSERT INTO `Nave_Maniobra` (`Nave_ID`, `Maniobra_ID`) VALUES (44, 15);
INSERT INTO `Nave_Maniobra` (`Nave_ID`, `Maniobra_ID`) VALUES (9, 4);
INSERT INTO `Nave_Maniobra` (`Nave_ID`, `Maniobra_ID`) VALUES (26, 9);
INSERT INTO `Nave_Maniobra` (`Nave_ID`, `Maniobra_ID`) VALUES (36, 3);
INSERT INTO `Nave_Maniobra` (`Nave_ID`, `Maniobra_ID`) VALUES (21, 11);
INSERT INTO `Nave_Maniobra` (`Nave_ID`, `Maniobra_ID`) VALUES (4, 2);
INSERT INTO `Nave_Maniobra` (`Nave_ID`, `Maniobra_ID`) VALUES (1, 3);
INSERT INTO `Nave_Maniobra` (`Nave_ID`, `Maniobra_ID`) VALUES (13, 5);
INSERT INTO `Nave_Maniobra` (`Nave_ID`, `Maniobra_ID`) VALUES (45, 12);
INSERT INTO `Nave_Maniobra` (`Nave_ID`, `Maniobra_ID`) VALUES (13, 14);
INSERT INTO `Nave_Maniobra` (`Nave_ID`, `Maniobra_ID`) VALUES (5, 12);
INSERT INTO `Nave_Maniobra` (`Nave_ID`, `Maniobra_ID`) VALUES (39, 12);
INSERT INTO `Nave_Maniobra` (`Nave_ID`, `Maniobra_ID`) VALUES (25, 4);
INSERT INTO `Nave_Maniobra` (`Nave_ID`, `Maniobra_ID`) VALUES (10, 1);
INSERT INTO `Nave_Maniobra` (`Nave_ID`, `Maniobra_ID`) VALUES (25, 14);
INSERT INTO `Nave_Maniobra` (`Nave_ID`, `Maniobra_ID`) VALUES (17, 4);
INSERT INTO `Nave_Maniobra` (`Nave_ID`, `Maniobra_ID`) VALUES (7, 8);
INSERT INTO `Nave_Maniobra` (`Nave_ID`, `Maniobra_ID`) VALUES (15, 6);
INSERT INTO `Nave_Maniobra` (`Nave_ID`, `Maniobra_ID`) VALUES (30, 7);
INSERT INTO `Nave_Maniobra` (`Nave_ID`, `Maniobra_ID`) VALUES (9, 8);
INSERT INTO `Nave_Maniobra` (`Nave_ID`, `Maniobra_ID`) VALUES (36, 15);
INSERT INTO `Nave_Maniobra` (`Nave_ID`, `Maniobra_ID`) VALUES (5, 7);
INSERT INTO `Nave_Maniobra` (`Nave_ID`, `Maniobra_ID`) VALUES (28, 2);
INSERT INTO `Nave_Maniobra` (`Nave_ID`, `Maniobra_ID`) VALUES (27, 12);
INSERT INTO `Nave_Maniobra` (`Nave_ID`, `Maniobra_ID`) VALUES (12, 10);
INSERT INTO `Nave_Maniobra` (`Nave_ID`, `Maniobra_ID`) VALUES (31, 2);
INSERT INTO `Nave_Maniobra` (`Nave_ID`, `Maniobra_ID`) VALUES (34, 7);
INSERT INTO `Nave_Maniobra` (`Nave_ID`, `Maniobra_ID`) VALUES (14, 5);
INSERT INTO `Nave_Maniobra` (`Nave_ID`, `Maniobra_ID`) VALUES (40, 8);
INSERT INTO `Nave_Maniobra` (`Nave_ID`, `Maniobra_ID`) VALUES (7, 14);
INSERT INTO `Nave_Maniobra` (`Nave_ID`, `Maniobra_ID`) VALUES (17, 3);
INSERT INTO `Nave_Maniobra` (`Nave_ID`, `Maniobra_ID`) VALUES (14, 13);
INSERT INTO `Nave_Maniobra` (`Nave_ID`, `Maniobra_ID`) VALUES (12, 1);
INSERT INTO `Nave_Maniobra` (`Nave_ID`, `Maniobra_ID`) VALUES (31, 14);
INSERT INTO `Nave_Maniobra` (`Nave_ID`, `Maniobra_ID`) VALUES (52, 6);
INSERT INTO `Nave_Maniobra` (`Nave_ID`, `Maniobra_ID`) VALUES (4, 12);
INSERT INTO `Nave_Maniobra` (`Nave_ID`, `Maniobra_ID`) VALUES (47, 6);
INSERT INTO `Nave_Maniobra` (`Nave_ID`, `Maniobra_ID`) VALUES (29, 1);
INSERT INTO `Nave_Maniobra` (`Nave_ID`, `Maniobra_ID`) VALUES (1, 13);
INSERT INTO `Nave_Maniobra` (`Nave_ID`, `Maniobra_ID`) VALUES (34, 6);
INSERT INTO `Nave_Maniobra` (`Nave_ID`, `Maniobra_ID`) VALUES (45, 9);
INSERT INTO `Nave_Maniobra` (`Nave_ID`, `Maniobra_ID`) VALUES (25, 10);
INSERT INTO `Nave_Maniobra` (`Nave_ID`, `Maniobra_ID`) VALUES (43, 5);
INSERT INTO `Nave_Maniobra` (`Nave_ID`, `Maniobra_ID`) VALUES (4, 9);
INSERT INTO `Nave_Maniobra` (`Nave_ID`, `Maniobra_ID`) VALUES (31, 15);
INSERT INTO `Nave_Maniobra` (`Nave_ID`, `Maniobra_ID`) VALUES (1, 2);
INSERT INTO `Nave_Maniobra` (`Nave_ID`, `Maniobra_ID`) VALUES (15, 14);
INSERT INTO `Nave_Maniobra` (`Nave_ID`, `Maniobra_ID`) VALUES (14, 14);
INSERT INTO `Nave_Maniobra` (`Nave_ID`, `Maniobra_ID`) VALUES (21, 8);
INSERT INTO `Nave_Maniobra` (`Nave_ID`, `Maniobra_ID`) VALUES (43, 6);
INSERT INTO `Nave_Maniobra` (`Nave_ID`, `Maniobra_ID`) VALUES (15, 3);
INSERT INTO `Nave_Maniobra` (`Nave_ID`, `Maniobra_ID`) VALUES (40, 3);
INSERT INTO `Nave_Maniobra` (`Nave_ID`, `Maniobra_ID`) VALUES (13, 7);
INSERT INTO `Nave_Maniobra` (`Nave_ID`, `Maniobra_ID`) VALUES (16, 7);
INSERT INTO `Nave_Maniobra` (`Nave_ID`, `Maniobra_ID`) VALUES (36, 14);
INSERT INTO `Nave_Maniobra` (`Nave_ID`, `Maniobra_ID`) VALUES (25, 3);
INSERT INTO `Nave_Maniobra` (`Nave_ID`, `Maniobra_ID`) VALUES (46, 15);
INSERT INTO `Nave_Maniobra` (`Nave_ID`, `Maniobra_ID`) VALUES (17, 8);
INSERT INTO `Nave_Maniobra` (`Nave_ID`, `Maniobra_ID`) VALUES (44, 14);
INSERT INTO `Nave_Maniobra` (`Nave_ID`, `Maniobra_ID`) VALUES (26, 6);
INSERT INTO `Nave_Maniobra` (`Nave_ID`, `Maniobra_ID`) VALUES (31, 1);
INSERT INTO `Nave_Maniobra` (`Nave_ID`, `Maniobra_ID`) VALUES (13, 11);
INSERT INTO `Nave_Maniobra` (`Nave_ID`, `Maniobra_ID`) VALUES (51, 15);
INSERT INTO `Nave_Maniobra` (`Nave_ID`, `Maniobra_ID`) VALUES (39, 1);
INSERT INTO `Nave_Maniobra` (`Nave_ID`, `Maniobra_ID`) VALUES (3, 1);
INSERT INTO `Nave_Maniobra` (`Nave_ID`, `Maniobra_ID`) VALUES (22, 7);
INSERT INTO `Nave_Maniobra` (`Nave_ID`, `Maniobra_ID`) VALUES (50, 4);
INSERT INTO `Nave_Maniobra` (`Nave_ID`, `Maniobra_ID`) VALUES (42, 14);
INSERT INTO `Nave_Maniobra` (`Nave_ID`, `Maniobra_ID`) VALUES (2, 6);
INSERT INTO `Nave_Maniobra` (`Nave_ID`, `Maniobra_ID`) VALUES (12, 9);
INSERT INTO `Nave_Maniobra` (`Nave_ID`, `Maniobra_ID`) VALUES (40, 4);
INSERT INTO `Nave_Maniobra` (`Nave_ID`, `Maniobra_ID`) VALUES (39, 10);
INSERT INTO `Nave_Maniobra` (`Nave_ID`, `Maniobra_ID`) VALUES (40, 11);
INSERT INTO `Nave_Maniobra` (`Nave_ID`, `Maniobra_ID`) VALUES (45, 5);
INSERT INTO `Nave_Maniobra` (`Nave_ID`, `Maniobra_ID`) VALUES (34, 10);
INSERT INTO `Nave_Maniobra` (`Nave_ID`, `Maniobra_ID`) VALUES (23, 15);
INSERT INTO `Nave_Maniobra` (`Nave_ID`, `Maniobra_ID`) VALUES (38, 9);
INSERT INTO `Nave_Maniobra` (`Nave_ID`, `Maniobra_ID`) VALUES (18, 1);
INSERT INTO `Nave_Maniobra` (`Nave_ID`, `Maniobra_ID`) VALUES (12, 8);
INSERT INTO `Nave_Maniobra` (`Nave_ID`, `Maniobra_ID`) VALUES (28, 14);
INSERT INTO `Nave_Maniobra` (`Nave_ID`, `Maniobra_ID`) VALUES (18, 4);
INSERT INTO `Nave_Maniobra` (`Nave_ID`, `Maniobra_ID`) VALUES (20, 6);
INSERT INTO `Nave_Maniobra` (`Nave_ID`, `Maniobra_ID`) VALUES (49, 1);
INSERT INTO `Nave_Maniobra` (`Nave_ID`, `Maniobra_ID`) VALUES (11, 10);
INSERT INTO `Nave_Maniobra` (`Nave_ID`, `Maniobra_ID`) VALUES (1, 4);
INSERT INTO `Nave_Maniobra` (`Nave_ID`, `Maniobra_ID`) VALUES (37, 4);
INSERT INTO `Nave_Maniobra` (`Nave_ID`, `Maniobra_ID`) VALUES (45, 14);
INSERT INTO `Nave_Maniobra` (`Nave_ID`, `Maniobra_ID`) VALUES (45, 6);
INSERT INTO `Nave_Maniobra` (`Nave_ID`, `Maniobra_ID`) VALUES (45, 2);
INSERT INTO `Nave_Maniobra` (`Nave_ID`, `Maniobra_ID`) VALUES (15, 15);
INSERT INTO `Nave_Maniobra` (`Nave_ID`, `Maniobra_ID`) VALUES (29, 13);
INSERT INTO `Nave_Maniobra` (`Nave_ID`, `Maniobra_ID`) VALUES (2, 9);
INSERT INTO `Nave_Maniobra` (`Nave_ID`, `Maniobra_ID`) VALUES (30, 9);
INSERT INTO `Nave_Maniobra` (`Nave_ID`, `Maniobra_ID`) VALUES (8, 8);
INSERT INTO `Nave_Maniobra` (`Nave_ID`, `Maniobra_ID`) VALUES (11, 5);
INSERT INTO `Nave_Maniobra` (`Nave_ID`, `Maniobra_ID`) VALUES (34, 11);
INSERT INTO `Nave_Maniobra` (`Nave_ID`, `Maniobra_ID`) VALUES (11, 15);
INSERT INTO `Nave_Maniobra` (`Nave_ID`, `Maniobra_ID`) VALUES (36, 12);

SET FOREIGN_KEY_CHECKS = 1;

-- Validaciones adicionales para asegurar integridad de datos
-- Verificar que todos los capitanes tengan un imperio válido
SELECT COUNT(*) as CapitanesSinImperio FROM `Capitán` c
LEFT JOIN `Imperios` i ON c.Imperio_ID = i.Imperio_ID
WHERE i.Imperio_ID IS NULL;

-- Verificar que todos los planetas tengan una montaña válida
SELECT COUNT(*) as PlanetasSinMontana FROM `Planeta` p
LEFT JOIN `Montaña` m ON p.Montaña_ID = m.Montaña_ID
WHERE m.Montaña_ID IS NULL;

-- Verificar que todas las naves tengan un capitán válido
SELECT COUNT(*) as NavesSinCapitan FROM `Naves` n
LEFT JOIN `Capitán` c ON n.Capitan_ID = c.Capitan_ID
WHERE c.Capitan_ID IS NULL;

-- Verificar que todas las naves tengan una flota válida
SELECT COUNT(*) as NavesSinFlota FROM `Naves` n
LEFT JOIN `Flotas` f ON n.Flota_ID = f.Flota_ID
WHERE f.Flota_ID IS NULL;

